{"type":"Feature","properties":{"name":"New Zealand EEZ outer limits, including domestic land and territorial waters","source":"https://data.linz.govt.nz/layer/50842/","sourceMetadata":"https://data.linz.govt.nz/services/api/v1/layers/50842/","retrieved":"2026-09-30","license":"CC-BY-4.0","attribution":"Contains data sourced from the LINZ Data Service licensed for reuse under CC BY 4.0.","conversion":"150 official line features polygonized without snapping; largest enclosed polygon retained with its two high-seas holes. Longitudes use 0..360 for date-line continuity. Geographic selection mask, not a maritime boundary legal determination."},"geometry":{"type":"Polygon","coordinates":[[[182.1955027133,-39.9298785267],[182.1875577133,-39.9441105267],[182.1795237133,-39.9583125267],[182.1714017133,-39.9724865267],[182.1631907133,-39.9866295267],[182.1586677133,-40.0004925267],[182.1548487133,-40.0150535268],[182.1509437133,-40.0296005268],[182.1469537133,-40.0441345268],[182.1428777133,-40.0586535268],[182.1387157133,-40.0731595268],[182.1344677133,-40.0876505268],[182.1301337133,-40.1021265268],[182.1257147132,-40.1165875269],[182.1212097132,-40.1310335269],[182.1166197132,-40.1454625269],[182.1119437132,-40.1598765269],[182.1071827132,-40.1742735269],[182.1023357132,-40.1886545269],[182.0974037132,-40.2030185269],[182.0923857132,-40.2173655269],[182.0872827132,-40.231694527],[182.0820947132,-40.246005527],[182.0768207132,-40.260298527],[182.0964917132,-40.256969527],[182.1161817132,-40.253706527],[182.1358887133,-40.250510527],[182.1556127133,-40.247380527],[182.1753537133,-40.244317527],[182.1951117133,-40.241320527],[182.2148857133,-40.238390527],[182.2346747133,-40.235526527],[182.2544797134,-40.232730527],[182.2742997134,-40.230000527],[182.2941347134,-40.227337527],[182.3139837134,-40.224740527],[182.3338467134,-40.222211527],[182.3537227135,-40.2197495269],[182.3736127135,-40.2173535269],[182.3935157135,-40.2150255269],[182.4134307135,-40.2127645269],[182.4333577135,-40.2105705269],[182.4532967136,-40.2084435269],[182.4732477136,-40.2063845269],[182.4932087136,-40.2043925269],[182.5131807136,-40.2024675269],[182.5331637136,-40.2006095269],[182.5531557136,-40.1988195269],[182.5731577137,-40.1970965269],[182.5931687137,-40.1954415269],[182.6131887137,-40.1938535269],[182.6332167137,-40.1923335269],[182.6532527137,-40.1908805269],[182.6732977138,-40.1894955269],[182.6933487138,-40.1881775269],[182.7134067138,-40.1869275269],[182.7334727138,-40.1857445269],[182.7535437138,-40.1846305269],[182.7736207139,-40.1835835269],[182.7937037139,-40.1826035269],[182.8137917139,-40.1816915269],[182.8338837139,-40.1808475269],[182.8539807139,-40.1800715269],[182.8740817139,-40.1793635269],[182.894186714,-40.1787225269],[182.914294714,-40.1781495269],[182.934405714,-40.1776445269],[182.954518714,-40.1772075269],[182.974634714,-40.1768375269],[182.9947527141,-40.1765365269],[183.0148717141,-40.1763025269],[183.0349917141,-40.1761365269],[183.0551117141,-40.1760385269],[183.0752327141,-40.1760075269],[183.0953547142,-40.1760455269],[183.1154747142,-40.1761505269],[183.1355947142,-40.1763245269],[183.1557137142,-40.1765655269],[183.1758307142,-40.1768735269],[183.1959467142,-40.1772505269],[183.2160597143,-40.1776945269],[183.2361707143,-40.1782075269],[183.2562777143,-40.1787875269],[183.2763827143,-40.1794355269],[183.2964827143,-40.1801505269],[183.3165797144,-40.1809345269],[183.3366717144,-40.1817855269],[183.3567587144,-40.1827045269],[183.3768417144,-40.1836905269],[183.3969177144,-40.1847455269],[183.4169887145,-40.1858675269],[183.4370527145,-40.1870565269],[183.4571107145,-40.1883135269],[183.4771617145,-40.1896385269],[183.4972047145,-40.1910315269],[183.5172397145,-40.1924915269],[183.5372677146,-40.1940185269],[183.5572867146,-40.1956135269],[183.5772967146,-40.1972765269],[183.5972977146,-40.1990065269],[183.6172887146,-40.2008035269],[183.6372697147,-40.2026685269],[183.6572407147,-40.2046005269],[183.6772017147,-40.2065995269],[183.6971507147,-40.2086665269],[183.7170887147,-40.2108005269],[183.7370147147,-40.2130015269],[183.7569287148,-40.2152695269],[183.7768297148,-40.2176045269],[183.7967177148,-40.220007527],[183.8165927148,-40.222476527],[183.8364547148,-40.225012527],[183.8563027149,-40.227616527],[183.8761357149,-40.230286527],[183.8959537149,-40.233023527],[183.9157567149,-40.235827527],[183.9355447149,-40.238697527],[183.955316715,-40.241635527],[183.975072715,-40.244638527],[183.994812715,-40.247709527],[184.014534715,-40.250846527],[184.034239715,-40.254049527],[184.053927715,-40.257319527],[184.0735967151,-40.260655527],[184.0932477151,-40.264057527],[184.1128807151,-40.267526527],[184.1324937151,-40.271061527],[184.1520877151,-40.274662527],[184.1716617152,-40.278328527],[184.1912147152,-40.282061527],[184.2107487152,-40.285860527],[184.2302607152,-40.289724527],[184.2497517152,-40.293654527],[184.2692207152,-40.297650527],[184.2886687153,-40.301711527],[184.3080937153,-40.305838527],[184.3274957153,-40.310031527],[184.3468747153,-40.314288527],[184.3662307153,-40.318611527],[184.3855627154,-40.322999527],[184.4048697154,-40.3274535271],[184.4241537154,-40.3319715271],[184.4434117154,-40.3365545271],[184.4626447154,-40.3412025271],[184.4818517154,-40.3459155271],[184.5010337155,-40.3506935271],[184.5201887155,-40.3555355271],[184.5393177155,-40.3604425271],[184.5584187155,-40.3654135271],[184.5774927155,-40.3704485271],[184.5965387155,-40.3755485271],[184.6155567156,-40.3807125271],[184.6345467156,-40.3859395271],[184.6535077156,-40.3912315271],[184.6724387156,-40.3965875271],[184.6913407156,-40.4020065271],[184.7102127157,-40.4074895271],[184.7290547157,-40.4130365271],[184.7478667157,-40.4186465271],[184.7666467157,-40.4243195271],[184.7853957157,-40.4300555271],[184.8041127157,-40.4358555272],[184.8227977158,-40.4417185272],[184.8414507158,-40.4476435272],[184.8600707158,-40.4536325272],[184.8786577158,-40.4596835272],[184.8972117158,-40.4657965272],[184.9157307158,-40.4719725272],[184.9342167159,-40.4782115272],[184.9526677159,-40.4845115272],[184.9710837159,-40.4908745272],[184.9894647159,-40.4972995272],[185.0078107159,-40.5037855272],[185.0261197159,-40.5103345272],[185.044392716,-40.5169435272],[185.062629716,-40.5236155272],[185.080829716,-40.5303475272],[185.100262716,-40.5347025272],[185.119671716,-40.5391225272],[185.1390567161,-40.5436075273],[185.1584167161,-40.5481575273],[185.1777517161,-40.5527735273],[185.1970607161,-40.5574535273],[185.2163437161,-40.5621985273],[185.2356007161,-40.5670085273],[185.2548317162,-40.5718835273],[185.2740347162,-40.5768225273],[185.2932107162,-40.5818265273],[185.3123597162,-40.5868945273],[185.3314797162,-40.5920275273],[185.3505717163,-40.5972235273],[185.3696357163,-40.6024845273],[185.3886697163,-40.6078095273],[185.4076737163,-40.6131985273],[185.4266487163,-40.6186515273],[185.4455937163,-40.6241685273],[185.4645077164,-40.6297485273],[185.4833907164,-40.6353915273],[185.5022427164,-40.6410995273],[185.5210627164,-40.6468695273],[185.5398507164,-40.6527035274],[185.5586067164,-40.6585995274],[185.5773297165,-40.6645595274],[185.5960197165,-40.6705825274],[185.6146767165,-40.6766675274],[185.6332997165,-40.6828155274],[185.6518877165,-40.6890265274],[185.6704427165,-40.6952995274],[185.6889617166,-40.7016345274],[185.7074457166,-40.7080325274],[185.7258947166,-40.7144925274],[185.7443077166,-40.7210135274],[185.7626837166,-40.7275975274],[185.7810237167,-40.7342425274],[185.7993267167,-40.7409485274],[185.8175927167,-40.7477165274],[185.8358207167,-40.7545465274],[185.8540107167,-40.7614375275],[185.8721627167,-40.7683885275],[185.8902757168,-40.7754015275],[185.9083487168,-40.7824755275],[185.9263837168,-40.7896095275],[185.9443787168,-40.7968035275],[185.9623327168,-40.8040585275],[185.9802477168,-40.8113745275],[185.9981207169,-40.8187495275],[186.0159527169,-40.8261855275],[186.0337437169,-40.8336805275],[186.0514927169,-40.8412355275],[186.0691997169,-40.8488505275],[186.0868637169,-40.8565245275],[186.104484717,-40.8642575276],[186.122063717,-40.8720505276],[186.139597717,-40.8799015276],[186.157088717,-40.8878125276],[186.174534717,-40.8957815276],[186.191936717,-40.9038085276],[186.2092937171,-40.9118945276],[186.2266057171,-40.9200385276],[186.2438717171,-40.9282415276],[186.2610917171,-40.9365015276],[186.2782657171,-40.9448195276],[186.2953937171,-40.9531945276],[186.3124737171,-40.9616275276],[186.3295067172,-40.9701185276],[186.3464917172,-40.9786655277],[186.3634297172,-40.9872705277],[186.3803187172,-40.9959315277],[186.3971587172,-41.0046495277],[186.4139507172,-41.0134235277],[186.4306927173,-41.0222545277],[186.4473847173,-41.0311415277],[186.4640277173,-41.0400845277],[186.4806197173,-41.0490835277],[186.4971607173,-41.0581375277],[186.5136517173,-41.0672475277],[186.5300907173,-41.0764125277],[186.5464787174,-41.0856325278],[186.5628137174,-41.0949075278],[186.5790977174,-41.1042375278],[186.5953277174,-41.1136225278],[186.6115057174,-41.1230615278],[186.6276297174,-41.1325545278],[186.6437007175,-41.1421025278],[186.6597177175,-41.1517035278],[186.6756797175,-41.1613585278],[186.6915877175,-41.1710665278],[186.7074417175,-41.1808285278],[186.7232387175,-41.1906435279],[186.7389817175,-41.2005105279],[186.7546677176,-41.2104315279],[186.7702977176,-41.2204045279],[186.7858717176,-41.2304305279],[186.8013877176,-41.2405075279],[186.8168477176,-41.2506375279],[186.8322497176,-41.2608185279],[186.8475937176,-41.2710525279],[186.8643397177,-41.2800365279],[186.8810357177,-41.2890775279],[186.8976797177,-41.298174528],[186.9142717177,-41.307327528],[186.9308127177,-41.316535528],[186.9473007177,-41.325799528],[186.9637367178,-41.335118528],[186.9801197178,-41.344492528],[186.9964497178,-41.353921528],[187.0127257178,-41.363405528],[187.0289477178,-41.372943528],[187.0451157178,-41.382535528],[187.0612297178,-41.392182528],[187.0772877179,-41.4018835281],[187.0932917179,-41.4116375281],[187.1092397179,-41.4214455281],[187.1251317179,-41.4313075281],[187.1409677179,-41.4412225281],[187.1567467179,-41.4511895281],[187.1724687179,-41.4612105281],[187.188134718,-41.4712835281],[187.203742718,-41.4814095281],[187.219292718,-41.4915875281],[187.234783718,-41.5018175281],[187.250217718,-41.5120995282],[187.265592718,-41.5224335282],[187.280907718,-41.5328185282],[187.2961637181,-41.5432545282],[187.3113607181,-41.5537415282],[187.3264967181,-41.5642805282],[187.3415727181,-41.5748695282],[187.3565877181,-41.5855085282],[187.3715417181,-41.5961985282],[187.3864347181,-41.6069385282],[187.4012657182,-41.6177275283],[187.4160347182,-41.6285675283],[187.4307417182,-41.6394555283],[187.4453867182,-41.6503935283],[187.4599677182,-41.6613805283],[187.4744857182,-41.6724165283],[187.4889407182,-41.6835005283],[187.5033317183,-41.6946335283],[187.5176587183,-41.7058145283],[187.5319207183,-41.7170425283],[187.5461177183,-41.7283195284],[187.5602507183,-41.7396435284],[187.5743177183,-41.7510145284],[187.5883187183,-41.7624325284],[187.6022537183,-41.7738985284],[187.6161227184,-41.7854095284],[187.6299257184,-41.7969675284],[187.6436607184,-41.8085725284],[187.6573297184,-41.8202225284],[187.6709297184,-41.8319185285],[187.6844637184,-41.8436595285],[187.6979277184,-41.8554465285],[187.7113247184,-41.8672785285],[187.7246527185,-41.8791545285],[187.7379117185,-41.8910765285],[187.7511007185,-41.9030415285],[187.7642207185,-41.9150505285],[187.7772707185,-41.9271045285],[187.7902507185,-41.9392015286],[187.8031607185,-41.9513415286],[187.8159987185,-41.9635255286],[187.8287667186,-41.9757515286],[187.8414627186,-41.9880205286],[187.8540877186,-42.0003325286],[187.8666407186,-42.0126865286],[187.8791217186,-42.0250815286],[187.8915297186,-42.0375195286],[187.9038647186,-42.0499985287],[187.9161277186,-42.0625185287],[187.9283167187,-42.0750795287],[187.9404317187,-42.0876815287],[187.9524737187,-42.1003235287],[187.9644407187,-42.1130055287],[187.9763337187,-42.1257285287],[187.9881517187,-42.1384905287],[187.9998947187,-42.1512925287],[188.0115627187,-42.1641335288],[188.0231557187,-42.1770125288],[188.0346717188,-42.1899315288],[188.0461127188,-42.2028885288],[188.0574767188,-42.2158835288],[188.0687637188,-42.2289165288],[188.0799747188,-42.2419875288],[188.0911077188,-42.2550955288],[188.1021637188,-42.2682415289],[188.1131417188,-42.2814235289],[188.1240417188,-42.2946425289],[188.1348637188,-42.3078975289],[188.1456077189,-42.3211895289],[188.1562727189,-42.3345165289],[188.1668587189,-42.3478795289],[188.1773647189,-42.3612775289],[188.1877917189,-42.374711529],[188.1981387189,-42.388179529],[188.2084057189,-42.401681529],[188.2185927189,-42.415218529],[188.2286987189,-42.428789529],[188.2387247189,-42.442393529],[188.248668719,-42.456031529],[188.258531719,-42.469702529],[188.268312719,-42.4834065291],[188.278012719,-42.4971435291],[188.287630719,-42.5109125291],[188.297165719,-42.5247135291],[188.306618719,-42.5385465291],[188.315988719,-42.5524105291],[188.325275719,-42.5663065291],[188.334478719,-42.5802325291],[188.343599719,-42.5941895292],[188.352635719,-42.6081775292],[188.3615887191,-42.6221945292],[188.3704567191,-42.6362425292],[188.3792407191,-42.6503195292],[188.3879397191,-42.6644255292],[188.3965537191,-42.6785615292],[188.4050827191,-42.6927245293],[188.4135257191,-42.7069175293],[188.4218837191,-42.7211375293],[188.4301567191,-42.7353865293],[188.4383427191,-42.7496615293],[188.4464427191,-42.7639645293],[188.4544557191,-42.7782955293],[188.4623827191,-42.7926515293],[188.4702217192,-42.8070345294],[188.4779747192,-42.8214435294],[188.4856397192,-42.8358785294],[188.4932177192,-42.8503395294],[188.5007067192,-42.8648255294],[188.5081087192,-42.8793355294],[188.5154227192,-42.8938705294],[188.5226477192,-42.9084305295],[188.5297837192,-42.9230135295],[188.5368307192,-42.9376215295],[188.5437897192,-42.9522515295],[188.5506587192,-42.9669055295],[188.5574387192,-42.9815825295],[188.5641287192,-42.9962815295],[188.5707287193,-43.0110025295],[188.5772387193,-43.0257465296],[188.5836587193,-43.0405105296],[188.5899877193,-43.0552975296],[188.5962267193,-43.0701045296],[188.6023747193,-43.0849325296],[188.6084307193,-43.0997805296],[188.6143967193,-43.1146495296],[188.6202707193,-43.1295375297],[188.6260527193,-43.1444455297],[188.6317437193,-43.1593725297],[188.6373427193,-43.1743175297],[188.6428487193,-43.1892825297],[188.6482637193,-43.2042645297],[188.6535847193,-43.2192655297],[188.6588137193,-43.2342835298],[188.6639497193,-43.2493185298],[188.6689927193,-43.2643715298],[188.6739427193,-43.2794405298],[188.6787997194,-43.2945265298],[188.6835627194,-43.3096275298],[188.6882317194,-43.3247455298],[188.6928067194,-43.3398775299],[188.6972877194,-43.3550255299],[188.7016747194,-43.3701885299],[188.7059677194,-43.3853655299],[188.7101657194,-43.4005575299],[188.7142687194,-43.4157625299],[188.7182767194,-43.4309815299],[188.7221907194,-43.44621353],[188.7260087194,-43.46145853],[188.7297317194,-43.47671653],[188.7333597194,-43.49198553],[188.7368917194,-43.50726753],[188.7403277194,-43.52256153],[188.7436677194,-43.53786553],[188.7469117194,-43.5531815301],[188.7500597194,-43.5685075301],[188.7531117194,-43.5838445301],[188.7560667194,-43.5991915301],[188.7589247194,-43.6145475301],[188.7616867194,-43.6299135301],[188.7643517194,-43.6452885301],[188.7669197194,-43.6606715302],[188.7693907194,-43.6760635302],[188.7717647194,-43.6914635302],[188.7740407194,-43.7068715302],[188.7762197194,-43.7222865302],[188.7783007194,-43.7377085302],[188.7802837194,-43.7531375302],[188.7821697194,-43.7685735303],[188.7839567194,-43.7840145303],[188.7856467195,-43.7994625303],[188.7872377195,-43.8149155303],[188.7887307195,-43.8303725303],[188.7901257195,-43.8458355303],[188.7914217195,-43.8613025303],[188.7926187195,-43.8767745304],[188.7937177195,-43.8922495304],[188.7947177195,-43.9077275304],[188.7956187195,-43.9232095304],[188.7964207195,-43.9386945304],[188.7971227195,-43.9541815304],[188.7977267195,-43.9696705304],[188.7982307195,-43.9851615305],[188.7986357195,-44.0006535305],[188.7989417195,-44.0161475305],[188.7991477195,-44.0316415305],[188.7992537195,-44.0471365305],[188.7992607195,-44.0626315305],[188.7991667195,-44.0781265305],[188.7989737195,-44.0936205306],[188.7986807195,-44.1091145306],[188.7982877195,-44.1246065306],[188.7977947195,-44.1400975306],[188.7972017195,-44.1555865306],[188.7965077195,-44.1710725306],[188.7957147195,-44.1865565306],[188.7948197195,-44.2020385307],[188.7938257195,-44.2175165307],[188.7927307195,-44.2329905307],[188.7915347195,-44.2484615307],[188.7902387195,-44.2639275307],[188.7888417195,-44.2793895307],[188.7873447195,-44.2948465307],[188.7857467195,-44.3102985308],[188.7840477194,-44.3257445308],[188.7822487194,-44.3411855308],[188.7827807194,-44.3563155308],[188.7832177194,-44.3714475308],[188.7835587194,-44.3865815308],[188.7838037194,-44.4017155308],[188.7839537194,-44.4168495309],[188.7840077194,-44.4319845309],[188.7839657194,-44.4471195309],[188.7838287194,-44.4622545309],[188.7835947194,-44.4773885309],[188.7832657194,-44.4925215309],[188.7828397194,-44.5076535309],[188.7823177194,-44.522783531],[188.7816997194,-44.537912531],[188.7809857194,-44.553038531],[188.7801757194,-44.568161531],[188.7792687194,-44.583282531],[188.7782647194,-44.598400531],[188.7771647194,-44.613514531],[188.7759687194,-44.6286255311],[188.7746757194,-44.6437315311],[188.7732857194,-44.6588335311],[188.7717997194,-44.6739305311],[188.7702167194,-44.6890225311],[188.7685367194,-44.7041095311],[188.7667597194,-44.7191905311],[188.7648517194,-44.7346075312],[188.7628427194,-44.7500165312],[188.7607317194,-44.7654195312],[188.7585197194,-44.7808155312],[188.7562067194,-44.7962035312],[188.7537917194,-44.8115835312],[188.7512747194,-44.8269555312],[188.7486567194,-44.8423195313],[188.7459377194,-44.8576735313],[188.7431167194,-44.8730185313],[188.7401937194,-44.8883545313],[188.7371697194,-44.9036805313],[188.7340437194,-44.9189955313],[188.7308157194,-44.9343005313],[188.7274867194,-44.9495945314],[188.7240567194,-44.9648775314],[188.7205237194,-44.9801485314],[188.7168897194,-44.9954075314],[188.7131537194,-45.0106545314],[188.7093167194,-45.0258885314],[188.7053777194,-45.0411095314],[188.7013367194,-45.0563175315],[188.6971947194,-45.0715115315],[188.6929507194,-45.0866915315],[188.6886047194,-45.1018575315],[188.6841577194,-45.1170095315],[188.6796097194,-45.1321455315],[188.6749587193,-45.1472665315],[188.6702067193,-45.1623725316],[188.6653537193,-45.1774615316],[188.6603987193,-45.1925345316],[188.6553427193,-45.2075905316],[188.6501847193,-45.2226305316],[188.6449257193,-45.2376525316],[188.6395657193,-45.2526565316],[188.6341037193,-45.2676425317],[188.6285407193,-45.2826105317],[188.6228767193,-45.2975605317],[188.6171107193,-45.3124905317],[188.6112447193,-45.3274015317],[188.6052767193,-45.3422925317],[188.5992087193,-45.3571635317],[188.5930387193,-45.3720145317],[188.5867687193,-45.3868445318],[188.5803967193,-45.4016535318],[188.5739247193,-45.4164405318],[188.5673517192,-45.4312065318],[188.5606787192,-45.4459505318],[188.5539047192,-45.4606715318],[188.5470297192,-45.4753705318],[188.5400547192,-45.4900465319],[188.5329797192,-45.5046985319],[188.5258037192,-45.5193275319],[188.5185287192,-45.5339315319],[188.5111527192,-45.5485115319],[188.5036767192,-45.5630675319],[188.4961007192,-45.5775975319],[188.4884257192,-45.592102532],[188.4806507192,-45.606581532],[188.4727757192,-45.621034532],[188.4648007192,-45.635461532],[188.4567277191,-45.649861532],[188.4485537191,-45.664234532],[188.4402817191,-45.678580532],[188.4319107191,-45.692898532],[188.4234407191,-45.7071885321],[188.4148707191,-45.7214505321],[188.4062037191,-45.7356835321],[188.3974367191,-45.7498875321],[188.3885717191,-45.7640615321],[188.3796087191,-45.7782065321],[188.3705477191,-45.7923215321],[188.3613877191,-45.8064065322],[188.352130719,-45.8204605322],[188.342774719,-45.8344835322],[188.333321719,-45.8484755322],[188.323771719,-45.8624355322],[188.314123719,-45.8763635322],[188.304378719,-45.8902595322],[188.294536719,-45.9041225322],[188.284597719,-45.9179525323],[188.274561719,-45.9317495323],[188.264429719,-45.9455135323],[188.254200719,-45.9592435323],[188.2438757189,-45.9729385323],[188.2334547189,-45.9865995323],[188.2229377189,-46.0002255323],[188.2123247189,-46.0138165323],[188.2016167189,-46.0273725324],[188.1908127189,-46.0408925324],[188.1799137189,-46.0543755324],[188.1689197189,-46.0678225324],[188.1578317189,-46.0812335324],[188.1466477189,-46.0946065324],[188.1353697188,-46.1079425324],[188.1239977188,-46.1212415324],[188.1125317188,-46.1345015325],[188.1009717188,-46.1477235325],[188.0893177188,-46.1609065325],[188.0775707188,-46.1740515325],[188.0657307188,-46.1871565325],[188.0537977188,-46.2002225325],[188.0417707188,-46.2132475325],[188.0296527187,-46.2262335325],[188.0174407187,-46.2391785326],[188.0051377187,-46.2520825326],[187.9927427187,-46.2649465326],[187.9802557187,-46.2777675326],[187.9676777187,-46.2905485326],[187.9550077187,-46.3032865326],[187.9422477187,-46.3159825326],[187.9293957187,-46.3286355326],[187.9164537186,-46.3412455327],[187.9034217186,-46.3538125327],[187.8902997186,-46.3663365327],[187.8770877186,-46.3788155327],[187.8637867186,-46.3912515327],[187.8503957186,-46.4036425327],[187.8369167186,-46.4159895327],[187.8233477186,-46.4282905327],[187.8096907185,-46.4405465327],[187.7959457185,-46.4527575328],[187.7821127185,-46.4649225328],[187.7681927185,-46.4770405328],[187.7541847185,-46.4891125328],[187.7400897185,-46.5011375328],[187.7259077185,-46.5131165328],[187.7116387185,-46.5250465328],[187.6972837184,-46.5369305328],[187.6828437184,-46.5487655328],[187.6683167184,-46.5605525329],[187.6537047184,-46.5722915329],[187.6390077184,-46.5839815329],[187.6242267184,-46.5956215329],[187.6093597184,-46.6072135329],[187.5944097183,-46.6187555329],[187.5793757183,-46.6302475329],[187.5642577183,-46.6416885329],[187.5490567183,-46.6530805329],[187.5337727183,-46.664420533],[187.5184057183,-46.675710533],[187.5029567183,-46.686948533],[187.4874257182,-46.698135533],[187.4718137182,-46.709270533],[187.4561197182,-46.720353533],[187.4403447182,-46.731383533],[187.4244887182,-46.742361533],[187.4085537182,-46.753286533],[187.3925377182,-46.764157533],[187.3764417181,-46.7749765331],[187.3602667181,-46.7857405331],[187.3440137181,-46.7964515331],[187.3276807181,-46.8071075331],[187.3112707181,-46.8177095331],[187.2947817181,-46.8282565331],[187.278215718,-46.8387485331],[187.261572718,-46.8491855331],[187.244852718,-46.8595665331],[187.228056718,-46.8698925331],[187.211183718,-46.8801615332],[187.194235718,-46.8903745332],[187.177211718,-46.9005315332],[187.1601137179,-46.9106315332],[187.1429407179,-46.9206735332],[187.1256927179,-46.9306595332],[187.1083717179,-46.9405875332],[187.0909777179,-46.9504575332],[187.0735097179,-46.9602695332],[187.0559697178,-46.9700235332],[187.0383567178,-46.9797185332],[187.0206727178,-46.9893555333],[187.0029167178,-46.9989325333],[186.9850897178,-47.0084515333],[186.9671927178,-47.0179105333],[186.9492247177,-47.0273095333],[186.9311867177,-47.0366485333],[186.9130797177,-47.0459275333],[186.8949037177,-47.0551465333],[186.8766587177,-47.0643045333],[186.8583457177,-47.0734015333],[186.8399647176,-47.0824375333],[186.8215167176,-47.0914125333],[186.8030017176,-47.1003255334],[186.7844207176,-47.1091765334],[186.7657727176,-47.1179665334],[186.7470597176,-47.1266935334],[186.7282817175,-47.1353585334],[186.7094387175,-47.1439605334],[186.6905307175,-47.1525005334],[186.6715597175,-47.1609765334],[186.6525247175,-47.1693895334],[186.6334267174,-47.1777395334],[186.6142667174,-47.1860245334],[186.5950437174,-47.1942465334],[186.5757597174,-47.2024045335],[186.5564147174,-47.2104985335],[186.5370087174,-47.2185275335],[186.5175417173,-47.2264915335],[186.4980157173,-47.2343905335],[186.4784307173,-47.2422255335],[186.4587857173,-47.2499935335],[186.4390827173,-47.2576975335],[186.4193227172,-47.2653345335],[186.3995037172,-47.2729065335],[186.3796287172,-47.2804125335],[186.3596967172,-47.2878515335],[186.3397087172,-47.2952245335],[186.3196657172,-47.3025305335],[186.2995667171,-47.3097705336],[186.2794137171,-47.3169425336],[186.2592067171,-47.3240475336],[186.2389457171,-47.3310855336],[186.2186317171,-47.3380555336],[186.198264717,-47.3449585336],[186.177845717,-47.3517925336],[186.157375717,-47.3585595336],[186.136853717,-47.3652575336],[186.116281717,-47.3718875336],[186.0956587169,-47.3784485336],[186.0749867169,-47.3849405336],[186.0542657169,-47.3913645336],[186.0334957169,-47.3977185336],[186.0126777169,-47.4040035336],[185.9918117168,-47.4102195336],[185.9708987168,-47.4163655337],[185.9499397168,-47.4224415337],[185.9289337168,-47.4284475337],[185.9078827168,-47.4343845337],[185.8867867168,-47.4402505337],[185.8656457167,-47.4460465337],[185.8444607167,-47.4517715337],[185.8232327167,-47.4574265337],[185.8019617167,-47.4630105337],[185.7806477167,-47.4685235337],[185.7592927166,-47.4739655337],[185.7378957166,-47.4793355337],[185.7164577166,-47.4846355337],[185.6949807166,-47.4898635337],[185.6734627166,-47.4950195337],[185.6519057165,-47.5001035337],[185.6303097165,-47.5051165337],[185.6086757165,-47.5100575337],[185.5870047165,-47.5149255337],[185.5659577165,-47.5209715337],[185.5448657164,-47.5269465338],[185.5237277164,-47.5328515338],[185.5025447164,-47.5386865338],[185.4813167164,-47.5444495338],[185.4600457164,-47.5501435338],[185.4387307163,-47.5557655338],[185.4173737163,-47.5613165338],[185.3959737163,-47.5667965338],[185.3745317163,-47.5722055338],[185.3530487163,-47.5775425338],[185.3315247162,-47.5828085338],[185.3099617162,-47.5880025338],[185.2883577162,-47.5931245338],[185.2667147162,-47.5981745338],[185.2450337162,-47.6031525338],[185.2233147161,-47.6080585338],[185.2015577161,-47.6128915338],[185.1797647161,-47.6176525338],[185.1579347161,-47.6223405338],[185.1360687161,-47.6269565338],[185.114167716,-47.6314985339],[185.092231716,-47.6359685339],[185.070261716,-47.6403645339],[185.048258716,-47.6446885339],[185.0262217159,-47.6489375339],[185.0041527159,-47.6531145339],[184.9820517159,-47.6572175339],[184.9599197159,-47.6612465339],[184.9377557159,-47.6652025339],[184.9155627158,-47.6690845339],[184.8933397158,-47.6728915339],[184.8710867158,-47.6766255339],[184.8488057158,-47.6802855339],[184.8264977158,-47.6838705339],[184.8041607157,-47.6873815339],[184.7817977157,-47.6908175339],[184.7594087157,-47.6941795339],[184.7369937157,-47.6974675339],[184.7145527157,-47.7006805339],[184.6920877156,-47.7038185339],[184.6695997156,-47.7068815339],[184.6470867156,-47.7098695339],[184.6245517156,-47.7127825339],[184.6019947156,-47.7156205339],[184.5794157155,-47.7183835339],[184.5568157155,-47.7210715339],[184.5341947155,-47.7236835339],[184.5115537155,-47.7262205339],[184.4888937154,-47.7286825339],[184.4662147154,-47.7310685339],[184.4435177154,-47.7333795339],[184.4208037154,-47.7356135339],[184.3980717154,-47.737773534],[184.3753237153,-47.739856534],[184.3525597153,-47.741864534],[184.3297807153,-47.743796534],[184.3069867153,-47.745652534],[184.2841787153,-47.747432534],[184.2613567152,-47.749136534],[184.2385227152,-47.750764534],[184.2156757152,-47.752316534],[184.1928177152,-47.753792534],[184.1699477152,-47.755192534],[184.1470677151,-47.756515534],[184.1241767151,-47.757762534],[184.1012777151,-47.758934534],[184.0783687151,-47.760028534],[184.055451715,-47.761047534],[184.032527715,-47.761989534],[184.009596715,-47.762854534],[184.010257715,-47.777926534],[184.010817715,-47.793000534],[184.011277715,-47.808075534],[184.011635715,-47.823152534],[184.011892715,-47.838229534],[184.012049715,-47.8533075341],[184.012104715,-47.8683855341],[184.012058715,-47.8834635341],[184.011910715,-47.8985415341],[184.011661715,-47.9136195341],[184.011310715,-47.9286955341],[184.010858715,-47.9437705341],[184.010304715,-47.9588435342],[184.009648715,-47.9739155342],[184.008890715,-47.9889845342],[184.008030715,-48.0040515342],[184.007069715,-48.0191155342],[184.006005715,-48.0341765342],[184.004839715,-48.0492345342],[184.003571715,-48.0642885343],[184.002200715,-48.0793375343],[184.000727715,-48.0943835343],[183.999152715,-48.1094235343],[183.997474715,-48.1244595343],[183.995694715,-48.1394905343],[183.993811715,-48.1545145343],[183.991826715,-48.1695335344],[183.989738715,-48.1845465344],[183.987547715,-48.1995525344],[183.985253715,-48.2145515344],[183.982857715,-48.2295435344],[183.980357715,-48.2445285344],[183.977755715,-48.2595055344],[183.975050715,-48.2744735345],[183.972242715,-48.2894345345],[183.969331715,-48.3043855345],[183.966317715,-48.3193275345],[183.963128715,-48.3346085345],[183.959831715,-48.3498785345],[183.956426715,-48.3651375345],[183.9529137149,-48.3803865346],[183.9492937149,-48.3956245346],[183.9455647149,-48.4108505346],[183.9417277149,-48.4260655346],[183.9377827149,-48.4412675346],[183.9337307149,-48.4564575346],[183.9295697149,-48.4716335346],[183.9253007149,-48.4867975346],[183.9209237149,-48.5019475347],[183.9164387149,-48.5170845347],[183.9118457149,-48.5322065347],[183.9071447149,-48.5473145347],[183.9023347149,-48.5624075347],[183.8974177149,-48.5774855347],[183.8923927149,-48.5925475347],[183.8872597149,-48.6075935348],[183.8820177149,-48.6226235348],[183.8766687149,-48.6376375348],[183.8712117149,-48.6526345348],[183.8656467149,-48.6676135348],[183.8599737149,-48.6825755348],[183.8541927149,-48.6975205348],[183.8483037149,-48.7124465349],[183.8423077148,-48.7273535349],[183.8362037148,-48.7422425349],[183.8299917148,-48.7571115349],[183.8236717148,-48.7719615349],[183.8172447148,-48.7867915349],[183.8107097148,-48.8016015349],[183.8040677148,-48.816390535],[183.7973177148,-48.831158535],[183.7904607148,-48.845905535],[183.7834967148,-48.860631535],[183.7764247148,-48.875334535],[183.7820107148,-48.889038535],[183.7875107148,-48.902757535],[183.7929247148,-48.916491535],[183.7982537148,-48.9302405351],[183.8034957148,-48.9440045351],[183.8086527148,-48.9577825351],[183.8137227148,-48.9715735351],[183.8187067148,-48.9853795351],[183.8236037148,-48.9991985351],[183.8284137148,-49.0130315351],[183.8331377148,-49.0268775352],[183.8382017148,-49.0419795352],[183.8431607148,-49.0570955352],[183.8480177149,-49.0722275352],[183.8527697149,-49.0873735352],[183.8574177149,-49.1025325352],[183.8619607149,-49.1177065352],[183.8664007149,-49.1328935353],[183.8707347149,-49.1480945353],[183.8749647149,-49.1633075353],[183.8790887149,-49.1785325353],[183.8831077149,-49.1937705353],[183.8870217149,-49.2090205353],[183.8908307149,-49.2242815353],[183.8945327149,-49.2395545354],[183.8981287149,-49.2548375354],[183.9016197149,-49.2701315354],[183.9050037149,-49.2854365354],[183.9082807149,-49.3007505354],[183.9114517149,-49.3160745354],[183.9145157149,-49.3314075354],[183.9174727149,-49.3467505355],[183.9203227149,-49.3621015355],[183.9230657149,-49.3774605355],[183.9257007149,-49.3928275355],[183.9282287149,-49.4082025355],[183.9306487149,-49.4235855355],[183.9329607149,-49.4389745355],[183.9351647149,-49.4543715356],[183.9372597149,-49.4697735356],[183.9392477149,-49.4851825356],[183.9411257149,-49.5005975356],[183.9428967149,-49.5160175356],[183.9445577149,-49.5314425356],[183.9461007149,-49.5465925356],[183.9475387149,-49.5617475357],[183.9488707149,-49.5769055357],[183.9500977149,-49.5920685357],[183.9512197149,-49.6072335357],[183.9522357149,-49.6224025357],[183.9531457149,-49.6375745357],[183.953949715,-49.6527485357],[183.954648715,-49.6679245357],[183.955240715,-49.6831025358],[183.955726715,-49.6982825358],[183.956106715,-49.7134635358],[183.956379715,-49.7286455358],[183.956546715,-49.7438275358],[183.956606715,-49.7590105358],[183.956560715,-49.7741935358],[183.956406715,-49.7893755359],[183.956146715,-49.8045575359],[183.955779715,-49.8197385359],[183.955304715,-49.8349185359],[183.954723715,-49.8500965359],[183.954034715,-49.8652725359],[183.9532387149,-49.8804455359],[183.9523347149,-49.895617536],[183.9513237149,-49.910785536],[183.9502047149,-49.925950536],[183.9489777149,-49.941112536],[183.9476437149,-49.956270536],[183.9462017149,-49.971423536],[183.9446517149,-49.986573536],[183.9429937149,-50.0017175361],[183.9412267149,-50.0168575361],[183.9393527149,-50.0319915361],[183.9373707149,-50.0471195361],[183.9352797149,-50.0622415361],[183.9330807149,-50.0773575361],[183.9307727149,-50.0924665361],[183.9283567149,-50.1075695362],[183.9258327149,-50.1226635362],[183.9232007149,-50.1377505362],[183.9207117149,-50.1530805362],[183.9181107149,-50.1684025362],[183.9153977149,-50.1837165362],[183.9125737149,-50.1990225362],[183.9096367149,-50.2143195363],[183.9065877149,-50.2296075363],[183.9034267149,-50.2448865363],[183.9001537149,-50.2601555363],[183.8967677149,-50.2754145363],[183.8932707149,-50.2906625363],[183.8896607149,-50.3059005363],[183.8859387149,-50.3211275364],[183.8821037149,-50.3363435364],[183.8781567149,-50.3515475364],[183.8740977149,-50.3667395364],[183.8699257149,-50.3819185364],[183.8656417149,-50.3970855364],[183.8612457149,-50.4122395364],[183.8567367149,-50.4273805365],[183.8521147149,-50.4425065365],[183.8473807149,-50.4576195365],[183.8425347148,-50.4727175365],[183.8375767148,-50.4878015365],[183.8325047148,-50.5028705365],[183.8273217148,-50.5179235365],[183.8220867148,-50.5328135366],[183.8167417148,-50.5476885366],[183.8112867148,-50.5625465366],[183.8057217148,-50.5773885366],[183.8000467148,-50.5922135366],[183.7942607148,-50.6070225366],[183.7883657148,-50.6218135366],[183.7823597148,-50.6365865367],[183.7762437148,-50.6513425367],[183.7700177148,-50.6660795367],[183.7636817148,-50.6807975367],[183.7572357148,-50.6954965367],[183.7506807148,-50.7101765367],[183.7440147148,-50.7248375367],[183.7372397147,-50.7394775367],[183.7303537147,-50.7540985368],[183.7233587147,-50.7686975368],[183.7162537147,-50.7832765368],[183.7090397147,-50.7978335368],[183.7017157147,-50.8123695368],[183.6942827147,-50.8268835368],[183.6867397147,-50.8413755368],[183.6790867147,-50.8558445369],[183.6713257147,-50.8702915369],[183.6634547147,-50.8847145369],[183.6554747147,-50.8991135369],[183.6473847147,-50.9134895369],[183.6391867147,-50.9278415369],[183.6308797146,-50.9421685369],[183.6224637146,-50.9564705369],[183.6139387146,-50.970747537],[183.6053057146,-50.984999537],[183.5965637146,-50.999225537],[183.5877127146,-51.013425537],[183.5787537146,-51.027598537],[183.5696867146,-51.041744537],[183.5605117146,-51.055864537],[183.5512277146,-51.0699565371],[183.5418367146,-51.0840215371],[183.5323377146,-51.0980575371],[183.5227307145,-51.1120655371],[183.5130157145,-51.1260445371],[183.5031937145,-51.1399955371],[183.4932647145,-51.1539165371],[183.4832287145,-51.1678075371],[183.4730847145,-51.1816695372],[183.4628337145,-51.1955005372],[183.4524767145,-51.2093015372],[183.4420127145,-51.2230715372],[183.4314417145,-51.2368095372],[183.4208667145,-51.2506725372],[183.4101837144,-51.2645035372],[183.3993927144,-51.2783025372],[183.3884937144,-51.2920685373],[183.3774867144,-51.3058025373],[183.3663727144,-51.3195025373],[183.3551517144,-51.3331705373],[183.3438227144,-51.3468035373],[183.3323877144,-51.3604035373],[183.3208447144,-51.3739685373],[183.3091957143,-51.3874995374],[183.2974407143,-51.4009945374],[183.2855787143,-51.4144555374],[183.2736107143,-51.4278795374],[183.2615367143,-51.4412685374],[183.2493567143,-51.4546215374],[183.2370717143,-51.4679375374],[183.2246807143,-51.4812165374],[183.2121857143,-51.4944585375],[183.1995847142,-51.5076635375],[183.1868797142,-51.5208295375],[183.1740697142,-51.5339585375],[183.1611547142,-51.5470485375],[183.1481367142,-51.5601005375],[183.1350147142,-51.5731125375],[183.1217887142,-51.5860855375],[183.1084597142,-51.5990185375],[183.0950267142,-51.6119125376],[183.0814907141,-51.6247655376],[183.0678527141,-51.6375775376],[183.0541127141,-51.6503495376],[183.0402697141,-51.6630795376],[183.0263237141,-51.6757685376],[183.0122777141,-51.6884155376],[182.9981287141,-51.7010205376],[182.983879714,-51.7135825377],[182.969528714,-51.7261025377],[182.955077714,-51.7385795377],[182.940525714,-51.7510125377],[182.925873714,-51.7634025377],[182.911121714,-51.7757485377],[182.896270714,-51.7880495377],[182.881319714,-51.8003065377],[182.8662687139,-51.8125195377],[182.8511197139,-51.8246865378],[182.8358727139,-51.8368085378],[182.8205267139,-51.8488845378],[182.8050827139,-51.8609145378],[182.7895417139,-51.8728975378],[182.7739027139,-51.8848345378],[182.7581667138,-51.8967255378],[182.7423347138,-51.9085685378],[182.7264057138,-51.9203635378],[182.7103797138,-51.9321115379],[182.6942587138,-51.9438115379],[182.6780427138,-51.9554625379],[182.6617307137,-51.9670655379],[182.6453237137,-51.9786195379],[182.6288227137,-51.9901245379],[182.6122277137,-52.0015795379],[182.5955387137,-52.0129855379],[182.5787557137,-52.0243405379],[182.5618797137,-52.035646538],[182.5449107136,-52.046900538],[182.5278497136,-52.058104538],[182.5106957136,-52.069257538],[182.4934507136,-52.080358538],[182.4761137136,-52.091408538],[182.4586857136,-52.102406538],[182.4411677135,-52.113351538],[182.4235587135,-52.124244538],[182.4058597135,-52.135084538],[182.3880707135,-52.1458715381],[182.3701927135,-52.1566055381],[182.3522257135,-52.1672855381],[182.3341707134,-52.1779125381],[182.3160277134,-52.1884845381],[182.2977967134,-52.1990025381],[182.2794777134,-52.2094655381],[182.2610727134,-52.2198745381],[182.2425807134,-52.2302275381],[182.2240027133,-52.2405255381],[182.2053397133,-52.2507675382],[182.1865897133,-52.2609535382],[182.1677557133,-52.2710835382],[182.1488377133,-52.2811575382],[182.1298347133,-52.2911745382],[182.1107487132,-52.3011345382],[182.0915797132,-52.3110375382],[182.0723267132,-52.3208825382],[182.0529917132,-52.3306705382],[182.0335757132,-52.3404005382],[182.0140767131,-52.3500715382],[181.9944977131,-52.3596855383],[181.9748377131,-52.3692395383],[181.9550967131,-52.3787355383],[181.9352767131,-52.3881715383],[181.9153777131,-52.3975485383],[181.895398713,-52.4068665383],[181.875342713,-52.4161235383],[181.855207713,-52.4253215383],[181.834994713,-52.4344585383],[181.814705713,-52.4435355383],[181.7943397129,-52.4525515383],[181.7738977129,-52.4615065384],[181.7533797129,-52.4703995384],[181.7327867129,-52.4792315384],[181.7121197129,-52.4880025384],[181.6913777128,-52.4967105384],[181.6705617128,-52.5053575384],[181.6496737128,-52.5139415384],[181.6287117128,-52.5224625384],[181.6076777128,-52.5309215384],[181.5865717127,-52.5393165384],[181.5653957127,-52.5476495384],[181.5441477127,-52.5559185384],[181.5228297127,-52.5641235384],[181.5014417127,-52.5722645385],[181.4799217126,-52.5804055385],[181.4583317126,-52.5884815385],[181.4366727126,-52.5964925385],[181.4149447126,-52.6044385385],[181.3931487126,-52.6123185385],[181.3712857125,-52.6201335385],[181.3493557125,-52.6278825385],[181.3273587125,-52.6355655385],[181.3052957125,-52.6431825385],[181.2831677125,-52.6507335385],[181.2609757124,-52.6582175385],[181.2387177124,-52.6656345385],[181.2163967124,-52.6729845385],[181.1940127124,-52.6802675386],[181.1715667124,-52.6874835386],[181.1490577123,-52.6946315386],[181.1264867123,-52.7017125386],[181.1038557123,-52.7087245386],[181.0811637123,-52.7156695386],[181.0584117123,-52.7225455386],[181.0356007122,-52.7293535386],[181.0127307122,-52.7360925386],[180.9898027122,-52.7427625386],[180.9668177122,-52.7493645386],[180.9437747121,-52.7558965386],[180.9206757121,-52.7623595386],[180.8975207121,-52.7687535386],[180.8743107121,-52.7750765386],[180.8510457121,-52.7813305386],[180.827725712,-52.7875145387],[180.804353712,-52.7936285387],[180.780927712,-52.7996725387],[180.757449712,-52.8056455387],[180.733919712,-52.8115475387],[180.7103387119,-52.8173795387],[180.6867067119,-52.8231405387],[180.6630257119,-52.8288305387],[180.6392947119,-52.8344485387],[180.6155147118,-52.8399955387],[180.5916867118,-52.8454715387],[180.5678117118,-52.8508745387],[180.5438887118,-52.8562065387],[180.5199197118,-52.8614675387],[180.4959057117,-52.8666555387],[180.4718457117,-52.8717705387],[180.4477417117,-52.8768145387],[180.4235937117,-52.8817845387],[180.3994017116,-52.8866835387],[180.3751677116,-52.8915085388],[180.3508917116,-52.8962615388],[180.3265747116,-52.9009405388],[180.3022167115,-52.9055475388],[180.2778977115,-52.9101395388],[180.2535387115,-52.9146585388],[180.2291407115,-52.9191035388],[180.2047037115,-52.9234765388],[180.1802287114,-52.9277755388],[180.1557167114,-52.9320015388],[180.1311677114,-52.9361535388],[180.1065827114,-52.9402315388],[180.0819617113,-52.9442365388],[180.0573057113,-52.9481675388],[180.0326157113,-52.9520235388],[180.0078927113,-52.9558065388],[180.0000000427,-52.9569885167],[179.9831360465,-52.9595145388],[179.9583480465,-52.9631495388],[179.9335270465,-52.9667085388],[179.9086760465,-52.9701935388],[179.8837940464,-52.9736045388],[179.8588830464,-52.9769405388],[179.8339420464,-52.9802015388],[179.8089730464,-52.9833875388],[179.7839770463,-52.9864985388],[179.7589530463,-52.9895355388],[179.7339030463,-52.9924965388],[179.7088270463,-52.9953825388],[179.6837260462,-52.9981925389],[179.6586000462,-53.0009285389],[179.6334510462,-53.0035885389],[179.6082790462,-53.0061725389],[179.5830840462,-53.0086815389],[179.5578670461,-53.0111145389],[179.5326290461,-53.0134725389],[179.5073710461,-53.0157545389],[179.4820920461,-53.0179605389],[179.456795046,-53.0200905389],[179.431479046,-53.0221445389],[179.406145046,-53.0241225389],[179.380795046,-53.0260245389],[179.3554270459,-53.0278515389],[179.3300440459,-53.0296015389],[179.3046460459,-53.0312745389],[179.2792330459,-53.0328725389],[179.2538070458,-53.0343935389],[179.2283670458,-53.0358385389],[179.2029150458,-53.0372075389],[179.1774510458,-53.0384995389],[179.1519760458,-53.0397155389],[179.1264910457,-53.0408555389],[179.1009960457,-53.0419185389],[179.0754910457,-53.0429045389],[179.0499790457,-53.0438145389],[179.0244590456,-53.0446475389],[178.9989310456,-53.0454045389],[178.9733980456,-53.0460845389],[178.9478580456,-53.0466885389],[178.9223140455,-53.0472155389],[178.8967650455,-53.0476655389],[178.8712130455,-53.0480395389],[178.8456570455,-53.0483355389],[178.8201000454,-53.0485565389],[178.7945410454,-53.0486995389],[178.7689800454,-53.0487665389],[178.7434200454,-53.0487565389],[178.7178600453,-53.0486705389],[178.6923010453,-53.0485075389],[178.6667440453,-53.0482675389],[178.6411900453,-53.0479505389],[178.6156380453,-53.0475575389],[178.5900900452,-53.0470875389],[178.5645470452,-53.0465415389],[178.5390090452,-53.0459175389],[178.5134770452,-53.0452185389],[178.4879520451,-53.0444415389],[178.4624330451,-53.0435885389],[178.4369230451,-53.0426595389],[178.4114210451,-53.0416535389],[178.385928045,-53.0405705389],[178.360445045,-53.0394115389],[178.334973045,-53.0381765389],[178.309512045,-53.0368645389],[178.2840630449,-53.0354765389],[178.2586270449,-53.0340115389],[178.2332040449,-53.0324705389],[178.2077950449,-53.0308535389],[178.1824000449,-53.0291605389],[178.1570210448,-53.0273905389],[178.1316580448,-53.0255455389],[178.1063110448,-53.0236235389],[178.0809820448,-53.0216255389],[178.0556710447,-53.0195525389],[178.0303790447,-53.0174025389],[178.0051050447,-53.0151775389],[177.9798520447,-53.0128755389],[177.9546200446,-53.0104985389],[177.9294080446,-53.0080465389],[177.9042190446,-53.0055185389],[177.8790520446,-53.0029145389],[177.8539090445,-53.0002355389],[177.8287900445,-52.9974805389],[177.8036950445,-52.9946505388],[177.7786260445,-52.9917455388],[177.7535820445,-52.9887645388],[177.7285650444,-52.9857095388],[177.7035760444,-52.9825795388],[177.6786140444,-52.9793735388],[177.6536810444,-52.9760935388],[177.6287770443,-52.9727385388],[177.6039030443,-52.9693085388],[177.5790600443,-52.9658045388],[177.5542480443,-52.9622255388],[177.5294670442,-52.9585725388],[177.5047190442,-52.9548455388],[177.4800040442,-52.9510435388],[177.4553230442,-52.9471685388],[177.4306760442,-52.9432185388],[177.4060650441,-52.9391945388],[177.3814880441,-52.9350975388],[177.3569490441,-52.9309265388],[177.3324460441,-52.9266815388],[177.307981044,-52.9223645388],[177.283554044,-52.9179725388],[177.259166044,-52.9135085388],[177.234817044,-52.9089705388],[177.2105080439,-52.9043595388],[177.1862410439,-52.8996765388],[177.1620140439,-52.8949205388],[177.1378290439,-52.8900915388],[177.1136880439,-52.8851905387],[177.0895890438,-52.8802165387],[177.0655340438,-52.8751705387],[177.0415230438,-52.8700535387],[177.0175580438,-52.8648635387],[176.9936380437,-52.8596015387],[176.9697650437,-52.8542685387],[176.9459380437,-52.8488635387],[176.9221590437,-52.8433875387],[176.8984280437,-52.8378395387],[176.8747460436,-52.8322215387],[176.8511130436,-52.8265315387],[176.8275300436,-52.8207715387],[176.8039970436,-52.8149405387],[176.7805160435,-52.8090385387],[176.7570860435,-52.8030665387],[176.7337080435,-52.7970245387],[176.7103840435,-52.7909125387],[176.6871130435,-52.7847305387],[176.6638950434,-52.7784795386],[176.6407330434,-52.7721585386],[176.6176250434,-52.7657675386],[176.5945740434,-52.7593075386],[176.5715780434,-52.7527785386],[176.5486400433,-52.7461815386],[176.5257590433,-52.7395145386],[176.5029360433,-52.7327805386],[176.4801710433,-52.7259765386],[176.4574660432,-52.7191055386],[176.4348210432,-52.7121655386],[176.4122360432,-52.7051585386],[176.3897110432,-52.6980835386],[176.3672490432,-52.6909415386],[176.3448480431,-52.6837325386],[176.3225090431,-52.6764555386],[176.3002340431,-52.6691115385],[176.2780220431,-52.6617015385],[176.2558740431,-52.6542245385],[176.233601043,-52.6467525385],[176.211392043,-52.6392135385],[176.189249043,-52.6316085385],[176.167172043,-52.6239355385],[176.145161043,-52.6161965385],[176.1232170429,-52.6083925385],[176.1013410429,-52.6005215385],[176.0795340429,-52.5925845385],[176.0577940429,-52.5845825385],[176.0361240429,-52.5765145385],[176.0145240428,-52.5683815385],[175.9929940428,-52.5601835384],[175.9715340428,-52.5519215384],[175.9501460428,-52.5435945384],[175.9288300428,-52.5352025384],[175.9075860427,-52.5267475384],[175.8864140427,-52.5182285384],[175.8653160427,-52.5096455384],[175.8442920427,-52.5009985384],[175.8233420427,-52.4922895384],[175.8024670426,-52.4835165384],[175.7816670426,-52.4746815384],[175.7609430426,-52.4657835384],[175.7402950426,-52.4568235383],[175.7197240426,-52.4478015383],[175.6992300425,-52.4387175383],[175.6788140425,-52.4295725383],[175.6584750425,-52.4203655383],[175.6382160425,-52.4110975383],[175.6180350425,-52.4017685383],[175.5979350424,-52.3923795383],[175.5779140424,-52.3829295383],[175.5579730424,-52.3734195383],[175.5381140424,-52.3638495383],[175.5183360424,-52.3542195383],[175.4986400424,-52.3445305382],[175.4790260423,-52.3347825382],[175.4594950423,-52.3249755382],[175.4400470423,-52.3151095382],[175.4206820423,-52.3051855382],[175.4014020423,-52.2952025382],[175.3822060422,-52.2851625382],[175.3630950422,-52.2750645382],[175.3440700422,-52.2649095382],[175.3251300422,-52.2546965382],[175.3062760422,-52.2444275381],[175.2875090422,-52.2341015381],[175.2688290421,-52.2237195381],[175.2502370421,-52.2132805381],[175.2317320421,-52.2027865381],[175.2133150421,-52.1922365381],[175.1949870421,-52.1816315381],[175.1767480421,-52.1709715381],[175.158599042,-52.1602565381],[175.140539042,-52.1494865381],[175.122569042,-52.1386635381],[175.104690042,-52.127785538],[175.086902042,-52.116854538],[175.069206042,-52.105869538],[175.0516010419,-52.094831538],[175.0340880419,-52.083741538],[175.0166680419,-52.072597538],[174.9993400419,-52.061402538],[174.9821060419,-52.050154538],[174.9649650419,-52.038855538],[174.9479180418,-52.0275045379],[174.9309650418,-52.0161035379],[174.9141070418,-52.0046505379],[174.8973440418,-51.9931475379],[174.8806760418,-51.9815935379],[174.8641040418,-51.9699895379],[174.8476270417,-51.9583365379],[174.8312470417,-51.9466335379],[174.8149640417,-51.9348815379],[174.7987780417,-51.9230815378],[174.7826880417,-51.9112315378],[174.7666970417,-51.8993345378],[174.7508030417,-51.8873885378],[174.7350080416,-51.8753955378],[174.7193110416,-51.8633545378],[174.7037130416,-51.8512665378],[174.6882140416,-51.8391325378],[174.6728140416,-51.8269515378],[174.6575140416,-51.8147245377],[174.6423150416,-51.8024515377],[174.6272150415,-51.7901325377],[174.6122170415,-51.7777685377],[174.5973190415,-51.7653595377],[174.5825220415,-51.7529065377],[174.5678270415,-51.7404085377],[174.5532330415,-51.7278665377],[174.5387410415,-51.7152805377],[174.5243520414,-51.7026515376],[174.5100650414,-51.6899795376],[174.4958810414,-51.6772645376],[174.4818000414,-51.6645065376],[174.4891950414,-51.6792455376],[174.4964850414,-51.6940065376],[174.5036700414,-51.7087865376],[174.5107490414,-51.7235875377],[174.5177210414,-51.7384075377],[174.5245880414,-51.7532475377],[174.5313490415,-51.7681065377],[174.5380020415,-51.7829845377],[174.5445490415,-51.7978805377],[174.5509890415,-51.8127955377],[174.5573220415,-51.8277275378],[174.5635470415,-51.8426775378],[174.5696640415,-51.8576455378],[174.5756730415,-51.8726305378],[174.5815740415,-51.8876315378],[174.5873670415,-51.9026495378],[174.5930500415,-51.9176835378],[174.5986250415,-51.9327325379],[174.6040910415,-51.9477985379],[174.6094470415,-51.9628785379],[174.6146940415,-51.9779745379],[174.6198310415,-51.9930835379],[174.6248580415,-52.0082085379],[174.6297740415,-52.0233465379],[174.6345810415,-52.038498538],[174.6392760416,-52.053663538],[174.6438610416,-52.068841538],[174.6483340416,-52.084032538],[174.6526970416,-52.099235538],[174.6569480416,-52.114451538],[174.6610870416,-52.129678538],[174.6651140416,-52.1449175381],[174.6690290416,-52.1601665381],[174.6728320416,-52.1754275381],[174.6765230416,-52.1906985381],[174.6801000416,-52.2059795381],[174.6835650416,-52.2212715381],[174.6869170416,-52.2365715381],[174.6901560416,-52.2518815382],[174.6932810416,-52.2672005382],[174.6962930416,-52.2825285382],[174.6991910416,-52.2978645382],[174.7019750416,-52.3132075382],[174.7046450416,-52.3285595382],[174.7072000416,-52.3439185382],[174.7096410416,-52.3592835383],[174.7119680416,-52.3746565383],[174.7141790416,-52.3900345383],[174.7162760416,-52.4054195383],[174.7182580416,-52.4208105383],[174.7201240416,-52.4362065383],[174.7218750416,-52.4516075383],[174.7235100416,-52.4670125384],[174.7250290416,-52.4824225384],[174.7264330416,-52.4978365384],[174.7277200416,-52.5132545384],[174.7288910416,-52.5286755384],[174.7299460416,-52.5441005384],[174.7308840416,-52.5595275384],[174.7317060416,-52.5749575385],[174.7324110416,-52.5903885385],[174.7329980416,-52.6058225385],[174.7334690416,-52.6212575385],[174.7338230416,-52.6366935385],[174.7340590416,-52.6521295385],[174.7341780416,-52.6675675385],[174.7341790416,-52.6830045386],[174.7340620416,-52.6984415386],[174.7338280416,-52.7138785386],[174.7334760416,-52.7293145386],[174.7330050416,-52.7447495386],[174.7324170416,-52.7601825386],[174.7317100416,-52.7756135386],[174.7308840416,-52.7910425387],[174.7299400416,-52.8064685387],[174.7288780416,-52.8218925387],[174.7276970416,-52.8373125387],[174.7263970416,-52.8527295387],[174.7249780416,-52.8681425387],[174.7234400416,-52.8835515387],[174.7217820416,-52.8989555388],[174.7200060416,-52.9143555388],[174.7181100416,-52.9297495388],[174.7160950416,-52.9451385388],[174.7139610416,-52.9605205388],[174.7117070416,-52.9758975388],[174.7093330416,-52.9912675388],[174.7068390416,-53.0066305389],[174.7042260416,-53.0219865389],[174.7014930416,-53.0373345389],[174.6986400416,-53.0526755389],[174.6956670416,-53.0680075389],[174.6925740416,-53.0833305389],[174.6893610416,-53.0986455389],[174.6860280416,-53.113950539],[174.6825740416,-53.129246539],[174.6790010416,-53.144532539],[174.6753070416,-53.159808539],[174.6714920416,-53.175073539],[174.6675570416,-53.190327539],[174.6635020416,-53.205570539],[174.6593260416,-53.2208015391],[174.6550300416,-53.2360205391],[174.6506130416,-53.2512275391],[174.6460760416,-53.2664215391],[174.6414180416,-53.2816025391],[174.6366390415,-53.2967705391],[174.6317400415,-53.3119245391],[174.6267190415,-53.3270645392],[174.6215790415,-53.3421905392],[174.6163170415,-53.3573015392],[174.6109350415,-53.3723985392],[174.6054320415,-53.3874785392],[174.5998090415,-53.4025435392],[174.5940640415,-53.4175935392],[174.5881990415,-53.4326255393],[174.5822130415,-53.4476415393],[174.5761070415,-53.4626405393],[174.5698800415,-53.4776215393],[174.5636840415,-53.4925165393],[174.5573680415,-53.5073925393],[174.5509330415,-53.5222505393],[174.5443780415,-53.5370915394],[174.5377040415,-53.5519135394],[174.5309110415,-53.5667155394],[174.5239980414,-53.5814995394],[174.5169660414,-53.5962635394],[174.5098160414,-53.6110075394],[174.5025460414,-53.6257315394],[174.4951560414,-53.6404355394],[174.4876480414,-53.6551175395],[174.4800210414,-53.6697795395],[174.4722750414,-53.6844185395],[174.4644100414,-53.6990365395],[174.4564260414,-53.7136325395],[174.4483230414,-53.7282055395],[174.4401020414,-53.7427555395],[174.4317620414,-53.7572825396],[174.4233030414,-53.7717865396],[174.4147260413,-53.7862655396],[174.4060300413,-53.8007215396],[174.3972160413,-53.8151515396],[174.3882830413,-53.8295575396],[174.3792330413,-53.8439385396],[174.3700640413,-53.8582935397],[174.3607770413,-53.8726235397],[174.3513720413,-53.8869265397],[174.3418500413,-53.9012025397],[174.3322090413,-53.9154525397],[174.3224510413,-53.9296755397],[174.3125760412,-53.9438705397],[174.3025820412,-53.9580375397],[174.2924720412,-53.9721765398],[174.2822440412,-53.9862865398],[174.2718990412,-54.0003685398],[174.2614380412,-54.0144205398],[174.2508590412,-54.0284435398],[174.2401640412,-54.0424375398],[174.2293520412,-54.0564005398],[174.2184230412,-54.0703325398],[174.2073790411,-54.0842345399],[174.1962180411,-54.0981055399],[174.1849410411,-54.1119445399],[174.1735480411,-54.1257515399],[174.1620390411,-54.1395275399],[174.1504150411,-54.1532705399],[174.1386750411,-54.1669805399],[174.1268200411,-54.18065754],[174.1148500411,-54.19430154],[174.1027650411,-54.20791054],[174.090565041,-54.22148654],[174.078251041,-54.23502854],[174.065822041,-54.24853554],[174.053279041,-54.26200754],[174.040622041,-54.27544354],[174.027851041,-54.2888445401],[174.014966041,-54.3022095401],[174.001968041,-54.3155385401],[173.9888560409,-54.3288305401],[173.9756320409,-54.3420855401],[173.9622940409,-54.3553035401],[173.9488440409,-54.3684845401],[173.9352820409,-54.3816265401],[173.9216070409,-54.3947315402],[173.9078200409,-54.4077965402],[173.8939220409,-54.4208245402],[173.8799110408,-54.4338125402],[173.8657900408,-54.4467605402],[173.8515570408,-54.4596695402],[173.8372140408,-54.4725385402],[173.8227600408,-54.4853665402],[173.8081950408,-54.4981545402],[173.7935210408,-54.5109005403],[173.7787360407,-54.5236065403],[173.7638420407,-54.5362695403],[173.7488380407,-54.5488915403],[173.7337260407,-54.5614715403],[173.7185040407,-54.5740085403],[173.7031750407,-54.5865025403],[173.6882120407,-54.5988635403],[173.6731430407,-54.6111815404],[173.6579690406,-54.6234585404],[173.6426900406,-54.6356935404],[173.6273070406,-54.6478865404],[173.6118190406,-54.6600365404],[173.5962270406,-54.6721435404],[173.5805310406,-54.6842075404],[173.5647320406,-54.6962285404],[173.5488290405,-54.7082055404],[173.5328230405,-54.7201375405],[173.5167140405,-54.7320265405],[173.5005030405,-54.7438705405],[173.4841900405,-54.7556695405],[173.4677750405,-54.7674235405],[173.4512590404,-54.7791315405],[173.4346410404,-54.7907945405],[173.4179220404,-54.8024115405],[173.4011030404,-54.8139815405],[173.3841830404,-54.8255055406],[173.3671630404,-54.8369825406],[173.3500440404,-54.8484125406],[173.3328250403,-54.8597945406],[173.3155080403,-54.8711295406],[173.2980910403,-54.8824165406],[173.2805770403,-54.8936555406],[173.2628000403,-54.9050365406],[173.2449220403,-54.9163665406],[173.2269440402,-54.9276475406],[173.2088670402,-54.9388775407],[173.1906890402,-54.9500565407],[173.1724130402,-54.9611845407],[173.1540370402,-54.9722615407],[173.1355640402,-54.9832875407],[173.1169920401,-54.9942615407],[173.0983220401,-55.0051825407],[173.0795560401,-55.0160525407],[173.0606920401,-55.0268685407],[173.0417320401,-55.0376325408],[173.02267604,-55.0483435408],[173.00352404,-55.0590005408],[172.98427604,-55.0696035408],[172.96493404,-55.0801535408],[172.94549704,-55.0906485408],[172.92596704,-55.1010895408],[172.9063420399,-55.1114755408],[172.8866250399,-55.1218065408],[172.8668140399,-55.1320815408],[172.8469110399,-55.1423015408],[172.8269160399,-55.1524665409],[172.8068300398,-55.1625745409],[172.7866520398,-55.1726265409],[172.7663840398,-55.1826215409],[172.7460260398,-55.1925605409],[172.7255780398,-55.2024415409],[172.7050410398,-55.2122655409],[172.6844140397,-55.2220325409],[172.6637000397,-55.2317405409],[172.6428970397,-55.2413915409],[172.6220070397,-55.2509835409],[172.6010300397,-55.260517541],[172.5799660396,-55.269992541],[172.5588170396,-55.279407541],[172.5375810396,-55.288764541],[172.5162610396,-55.298061541],[172.4948560396,-55.307298541],[172.4733670395,-55.316475541],[172.4517940395,-55.325592541],[172.4301380395,-55.334648541],[172.4084000395,-55.343644541],[172.3865790395,-55.352579541],[172.3646760394,-55.3614525411],[172.3426930394,-55.3702655411],[172.3206290394,-55.3790155411],[172.2984840394,-55.3877045411],[172.2762610394,-55.3963305411],[172.2539580393,-55.4048945411],[172.2315760393,-55.4133965411],[172.2091160393,-55.4218355411],[172.1865790393,-55.4302115411],[172.1639650392,-55.4385245411],[172.1412750392,-55.4467735411],[172.1185080392,-55.4549595411],[172.0956670392,-55.4630815411],[172.0727500392,-55.4711395412],[172.0497590391,-55.4791335412],[172.0266940391,-55.4870625412],[172.0035570391,-55.4949265412],[171.9803460391,-55.5027265412],[171.9570640391,-55.5104605412],[171.933710039,-55.5181305412],[171.910285039,-55.5257345412],[171.886790039,-55.5332725412],[171.863225039,-55.5407445412],[171.8395910389,-55.5481505412],[171.8158880389,-55.5554905412],[171.7921170389,-55.5627645412],[171.7682780389,-55.5699705412],[171.7443730389,-55.5771105413],[171.7204010388,-55.5841835413],[171.6963640388,-55.5911895413],[171.6722610388,-55.5981285413],[171.6480940388,-55.6049985413],[171.6238630387,-55.6118015413],[171.5995690387,-55.6185365413],[171.5752120387,-55.6252035413],[171.5507930387,-55.6318025413],[171.5263120387,-55.6383325413],[171.5017710386,-55.6447945413],[171.4771690386,-55.6511875413],[171.4525070386,-55.6575115413],[171.4277870386,-55.6637655413],[171.4030080385,-55.6699515413],[171.3781470385,-55.6763395413],[171.3532260385,-55.6826575414],[171.3282460385,-55.6889045414],[171.3032060384,-55.6950815414],[171.2781080384,-55.7011875414],[171.2529530384,-55.7072225414],[171.2277410384,-55.7131865414],[171.2024720384,-55.7190785414],[171.1771480383,-55.7249005414],[171.1517690383,-55.7306505414],[171.1263350383,-55.7363285414],[171.1008480383,-55.7419345414],[171.0753080382,-55.7474685414],[171.0497150382,-55.7529315414],[171.0240710382,-55.7583215414],[170.9983760382,-55.7636385414],[170.9726300381,-55.7688835414],[170.9468350381,-55.7740555414],[170.9209900381,-55.7791545414],[170.8950980381,-55.7841815414],[170.869157038,-55.7891345415],[170.843170038,-55.7940135415],[170.817136038,-55.7988205415],[170.791057038,-55.8035535415],[170.7649330379,-55.8082125415],[170.7387650379,-55.8127985415],[170.7125530379,-55.8173095415],[170.6862980379,-55.8217475415],[170.6600010378,-55.8261105415],[170.6336620378,-55.8303995415],[170.6072830378,-55.8346145415],[170.5808640378,-55.8387545415],[170.5544060377,-55.8428195415],[170.5279080377,-55.8468105415],[170.5013730377,-55.8507265415],[170.4748010377,-55.8545675415],[170.4481920376,-55.8583335415],[170.4215470376,-55.8620245415],[170.3948670376,-55.8656395415],[170.3681530376,-55.8691795415],[170.3414050375,-55.8726445415],[170.3146240375,-55.8760335415],[170.2878110375,-55.8793475415],[170.2609670375,-55.8825845415],[170.2340910374,-55.8857465415],[170.2071860374,-55.8888335415],[170.1802510374,-55.8918435415],[170.1532880374,-55.8947775415],[170.1262960373,-55.8976345416],[170.0992780373,-55.9004165416],[170.0722330373,-55.9031215416],[170.0451620373,-55.9057505416],[170.0180660372,-55.9083035416],[169.9909460372,-55.9107795416],[169.9638030372,-55.9131785416],[169.9366370372,-55.9155015416],[169.9094480371,-55.9177475416],[169.8822390371,-55.9199165416],[169.8550090371,-55.9220085416],[169.8277590371,-55.9240245416],[169.800490037,-55.9259625416],[169.773202037,-55.9278245416],[169.745897037,-55.9296085416],[169.718575037,-55.9313155416],[169.6912370369,-55.9329455416],[169.6638840369,-55.9344985416],[169.6365160369,-55.9359745416],[169.6091340369,-55.9373725416],[169.5817390368,-55.9386945416],[169.5543320368,-55.9399375416],[169.5269120368,-55.9411045416],[169.4994820368,-55.9421935416],[169.4720420367,-55.9432045416],[169.4445930367,-55.9441385416],[169.4171340367,-55.9449945416],[169.3896680367,-55.9457735416],[169.3621950366,-55.9464755416],[169.3347150366,-55.9470995416],[169.3072300366,-55.9476455416],[169.2797400366,-55.9481135416],[169.2522450365,-55.9485045416],[169.2247470365,-55.9488185416],[169.1972470365,-55.9490535416],[169.1697440365,-55.9492125416],[169.1422410364,-55.9492925416],[169.1147370364,-55.9492955416],[169.0872330364,-55.9492205416],[169.0597310364,-55.9490675416],[169.0322300363,-55.9488375416],[169.0047320363,-55.9485305416],[168.9772370363,-55.9481445416],[168.9497470363,-55.9476815416],[168.9222610362,-55.9471405416],[168.8947810362,-55.9465225416],[168.8673070362,-55.9458265416],[168.8398400362,-55.9450535416],[168.8123810361,-55.9442025416],[168.7849310361,-55.9432745416],[168.7574900361,-55.9422685416],[168.730060036,-55.9411845416],[168.702640036,-55.9400245416],[168.675231036,-55.9387865416],[168.647835036,-55.9374705416],[168.6204520359,-55.9360775416],[168.5930830359,-55.9346075416],[168.5657290359,-55.9330605416],[168.5383900359,-55.9314355416],[168.5110670358,-55.9297335416],[168.4837600358,-55.9279545416],[168.4564720358,-55.9260985416],[168.4292010358,-55.9241665416],[168.4019500357,-55.9221565416],[168.3747180357,-55.9200695416],[168.3475070357,-55.9179055416],[168.3203170357,-55.9156655416],[168.2931500356,-55.9133485416],[168.2660050356,-55.9109545416],[168.2388830356,-55.9084835416],[168.2117850356,-55.9059365416],[168.1847130355,-55.9033135416],[168.1576660355,-55.9006135416],[168.1306460355,-55.8978375416],[168.1036520355,-55.8949855415],[168.0766870354,-55.8920565415],[168.0497500354,-55.8890515415],[168.0228420354,-55.8859715415],[167.9959650354,-55.8828145415],[167.9691180353,-55.8795825415],[167.9423020353,-55.8762745415],[167.9155190353,-55.8728905415],[167.8887690353,-55.8694315415],[167.8620520352,-55.8658965415],[167.8353700352,-55.8622865415],[167.8087230352,-55.8586015415],[167.7821110352,-55.8548405415],[167.7555360351,-55.8510055415],[167.7289980351,-55.8470945415],[167.7024980351,-55.8431095415],[167.6760370351,-55.8390495415],[167.649615035,-55.8349145415],[167.623233035,-55.8307045415],[167.596892035,-55.8264215415],[167.570592035,-55.8220635415],[167.5443340349,-55.8176315415],[167.5181190349,-55.8131245415],[167.4919470349,-55.8085445415],[167.4658200349,-55.8038905415],[167.4397370348,-55.7991635415],[167.4137000348,-55.7943625415],[167.3877100348,-55.7894875415],[167.3617660348,-55.7845395414],[167.3358700347,-55.7795185414],[167.3100220347,-55.7744245414],[167.2842230347,-55.7692575414],[167.2584740347,-55.7640185414],[167.2327750347,-55.7587055414],[167.2071270346,-55.7533215414],[167.1815300346,-55.7478645414],[167.1559860346,-55.7423355414],[167.1304950346,-55.7367335414],[167.1050580345,-55.7310605414],[167.0796750345,-55.7253165414],[167.0543470345,-55.7194995414],[167.0290740345,-55.7136125414],[167.0038580344,-55.7076535414],[166.9786980344,-55.7016235414],[166.9535970344,-55.6955225414],[166.9285530344,-55.6893505414],[166.9035680343,-55.6831085414],[166.8786430343,-55.6767965413],[166.8537780343,-55.6704135413],[166.8289730343,-55.6639605413],[166.8042300343,-55.6574375413],[166.7795490342,-55.6508455413],[166.7549310342,-55.6441835413],[166.7303750342,-55.6374515413],[166.7058840342,-55.6306505413],[166.6814570341,-55.6237815413],[166.6570960341,-55.6168425413],[166.6328000341,-55.6098355413],[166.6085700341,-55.6027605413],[166.584407034,-55.5956165413],[166.560312034,-55.5884045413],[166.536285034,-55.5811245413],[166.512327034,-55.5737775412],[166.488438034,-55.5663625412],[166.4646190339,-55.5588805412],[166.4408710339,-55.5513315412],[166.4171940339,-55.5437155412],[166.3935880339,-55.5360325412],[166.3700550339,-55.5282825412],[166.3465940338,-55.5204675412],[166.3232070338,-55.5125855412],[166.2998940338,-55.5046385412],[166.2766560338,-55.4966245412],[166.2534920337,-55.4885465412],[166.2304050337,-55.4804025412],[166.2073930337,-55.4721935412],[166.1844590337,-55.4639205411],[166.1616020337,-55.4555815411],[166.1388220336,-55.4471795411],[166.1161220336,-55.4387125411],[166.0935000336,-55.4301815411],[166.0709580336,-55.4215875411],[166.0484950336,-55.4129295411],[166.0261140335,-55.4042095411],[166.0038130335,-55.3954255411],[165.9815950335,-55.3865785411],[165.9594580335,-55.3776695411],[165.9374040334,-55.3686975411],[165.9154340334,-55.3596635411],[165.9146940334,-55.359358541],[165.8925380334,-55.350603541],[165.8704630334,-55.341785541],[165.8484700334,-55.332906541],[165.8265580333,-55.323965541],[165.8047290333,-55.314963541],[165.7829820333,-55.305899541],[165.7613190333,-55.296774541],[165.7397410333,-55.287589541],[165.7182460332,-55.278343541],[165.6968370332,-55.269037541],[165.6755130332,-55.259671541],[165.6542750332,-55.2502455409],[165.6331230332,-55.2407595409],[165.6120580331,-55.2312145409],[165.5910810331,-55.2216115409],[165.5701910331,-55.2119485409],[165.5493900331,-55.2022275409],[165.5286770331,-55.1924475409],[165.508054033,-55.1826105409],[165.487520033,-55.1727155409],[165.467077033,-55.1627625409],[165.446724033,-55.1527525409],[165.426462033,-55.1426845408],[165.406292033,-55.1325605408],[165.3862130329,-55.1223805408],[165.3662270329,-55.1121435408],[165.3463340329,-55.1018505408],[165.3265340329,-55.0915025408],[165.3068280329,-55.0810985408],[165.2872160328,-55.0706395408],[165.2676980328,-55.0601255408],[165.2482750328,-55.0495565408],[165.2289480328,-55.0389335408],[165.2097160328,-55.0282565407],[165.1905810328,-55.0175245407],[165.1715420327,-55.0067405407],[165.1526000327,-54.9959015407],[165.1337560327,-54.9850105407],[165.1150090327,-54.9740665407],[165.0963600327,-54.9630705407],[165.0778100326,-54.9520215407],[165.0593590326,-54.9409215407],[165.0410070326,-54.9297685406],[165.0227550326,-54.9185655406],[165.0046030326,-54.9073105406],[164.9865510326,-54.8960045406],[164.9686000325,-54.8846485406],[164.9507500325,-54.8732425406],[164.9330020325,-54.8617865406],[164.9153560325,-54.8502805406],[164.8978110325,-54.8387245406],[164.8803700325,-54.8271205406],[164.8630310324,-54.8154665405],[164.8457950324,-54.8037645405],[164.8286320324,-54.7922075405],[164.8115700324,-54.7806025405],[164.7946100324,-54.7689495405],[164.7777520324,-54.7572505405],[164.7609970324,-54.7455035405],[164.7443440323,-54.7337115405],[164.7277940323,-54.7218715405],[164.7113470323,-54.7099865404],[164.6950040323,-54.6980565404],[164.69123333,-54.69528611],[164.67785833,-54.67049444],[164.67331083,-54.66205054],[164.65024879,-54.61917168],[164.6272352,-54.57628812],[164.60426989,-54.53339989],[164.58135267,-54.49050701],[164.55848339,-54.44760948],[164.53566187,-54.40470733],[164.51288794,-54.36180057],[164.49016143,-54.31888921],[164.46748217,-54.27597328],[164.44485,-54.23305278],[164.42404663,-54.1935162],[164.40150525,-54.15058683],[164.37901047,-54.10765294],[164.35656211,-54.06471455],[164.33416003,-54.02177167],[164.31180404,-53.97882432],[164.289494,-53.9358725],[164.26722974,-53.89291625],[164.2450111,-53.84995556],[164.20065887,-53.81903632],[164.15159919,-53.78476295],[164.10261943,-53.75046934],[164.05371944,-53.71615556],[164.01557113,-53.68965894],[163.96646497,-53.65548422],[163.9174382,-53.62128919],[163.86849064,-53.58707392],[163.8196221,-53.55283846],[163.77083241,-53.51858287],[163.72212139,-53.48430721],[163.67348886,-53.45001153],[163.62493464,-53.41569589],[163.57645855,-53.38136034],[163.5280604,-53.34700494],[163.47974004,-53.31262975],[163.43149727,-53.27823481],[163.38333191,-53.2438202],[163.3352438,-53.20938596],[163.28723275,-53.17493214],[163.23929859,-53.14045881],[163.19144115,-53.10596601],[163.14366023,-53.0714538],[163.09595568,-53.03692224],[163.04832732,-53.00237137],[163.00077496,-52.96780126],[162.95329844,-52.93321196],[162.90589758,-52.89860352],[162.8585722,-52.86397599],[162.81132214,-52.82932943],[162.76414722,-52.79466389],[162.74471944,-52.78036667],[162.70233248,-52.74912442],[162.65533451,-52.71441328],[162.60841111,-52.67968333],[162.59639532,-52.67077805],[162.54956539,-52.63602454],[162.50280964,-52.60125235],[162.45612789,-52.56646153],[162.40951998,-52.53165212],[162.36298574,-52.49682419],[162.316525,-52.46197778],[162.28482107,-52.43846251],[162.23812351,-52.40376493],[162.19149917,-52.36904872],[162.14494791,-52.33431394],[162.09846954,-52.29956065],[162.0520639,-52.26478889],[162.04590805,-52.26019045],[161.99946641,-52.22545723],[161.9530972,-52.19070556],[161.92489379,-52.16973184],[161.87837913,-52.13508273],[161.83193661,-52.10041511],[161.78556607,-52.06572901],[161.73926734,-52.03102449],[161.69304026,-51.99630161],[161.64688466,-51.9615604],[161.60080039,-51.92680093],[161.55478728,-51.89202324],[161.50884517,-51.85722738],[161.4629739,-51.8224134],[161.41717331,-51.78758134],[161.37144323,-51.75273127],[161.32578351,-51.71786323],[161.28019399,-51.68297726],[161.2346745,-51.64807343],[161.18922488,-51.61315176],[161.14384499,-51.57821233],[161.09853465,-51.54325516],[161.05329371,-51.50828031],[161.00812201,-51.47328784],[160.9630194,-51.43827778],[160.94083981,-51.42123686],[160.8955184,-51.38636305],[160.85026585,-51.35147154],[160.80508201,-51.31656236],[160.75996672,-51.28163557],[160.71491982,-51.24669122],[160.66994117,-51.21172934],[160.6250306,-51.17675],[160.6234100285,-51.1629865371],[160.6217200285,-51.1477155371],[160.6201420285,-51.1324405371],[160.6186770285,-51.1171605371],[160.6173250285,-51.1018765371],[160.6160840285,-51.0865885371],[160.6149560285,-51.0712975371],[160.6139410285,-51.056002537],[160.6130370285,-51.040705537],[160.6122450285,-51.025405537],[160.6115650285,-51.010103537],[160.6109970285,-50.994800537],[160.6105410285,-50.979494537],[160.6101960285,-50.964188537],[160.6099630285,-50.9488805369],[160.6098410285,-50.9335735369],[160.6098310285,-50.9182645369],[160.6099310285,-50.9029565369],[160.6101430285,-50.8876495369],[160.6104660285,-50.8723425369],[160.6109000285,-50.8570365369],[160.6114440285,-50.8417315368],[160.6120990285,-50.8264295368],[160.6128640285,-50.8111285368],[160.6137400285,-50.7958295368],[160.6146930285,-50.7804585368],[160.6157570285,-50.7650895368],[160.6169320285,-50.7497235368],[160.6182170285,-50.7343625367],[160.6196140285,-50.7190035367],[160.6211220285,-50.7036505367],[160.6227400285,-50.6883005367],[160.6244680285,-50.6729565367],[160.6263070285,-50.6576165367],[160.6282550285,-50.6422825367],[160.6303140285,-50.6269545366],[160.6324830285,-50.6116325366],[160.6347610285,-50.5963175366],[160.6371480285,-50.5810085366],[160.6396450285,-50.5657065366],[160.6422520285,-50.5504125366],[160.6449670285,-50.5351265366],[160.6477910285,-50.5198475365],[160.6507240285,-50.5045775365],[160.6537650285,-50.4893165365],[160.6569150285,-50.4740635365],[160.6601730285,-50.4588205365],[160.6635390285,-50.4435865365],[160.6670130285,-50.4283635365],[160.6705950285,-50.4131505364],[160.6742840285,-50.3979475364],[160.6780800285,-50.3827555364],[160.6819840286,-50.3675745364],[160.6859940286,-50.3524055364],[160.6901120286,-50.3372485364],[160.6943350286,-50.3221025364],[160.6986660286,-50.3069705363],[160.7031020286,-50.2918505363],[160.7076450286,-50.2767435363],[160.7122930286,-50.2616495363],[160.7170470286,-50.2465695363],[160.7219070286,-50.2315035363],[160.7268720286,-50.2164515363],[160.7319410286,-50.2014145362],[160.7371160286,-50.1863925362],[160.7423950286,-50.1713855362],[160.7477790286,-50.1563945362],[160.7532670286,-50.1414185362],[160.7588590286,-50.1264595362],[160.7645550286,-50.1115165362],[160.7703540286,-50.0965895361],[160.7762570286,-50.0816805361],[160.7822630286,-50.0667885361],[160.7883720287,-50.0519145361],[160.7945840287,-50.0370585361],[160.8008980287,-50.0222195361],[160.8070990287,-50.0073725361],[160.8134020287,-49.9925425361],[160.8198080287,-49.977731536],[160.8263150287,-49.962939536],[160.8329240287,-49.948165536],[160.8396350287,-49.933412536],[160.8464460287,-49.918678536],[160.8533590287,-49.903963536],[160.8603730287,-49.889270536],[160.8674870287,-49.8745965359],[160.8747010287,-49.8599445359],[160.8820150287,-49.8453135359],[160.8894300287,-49.8307035359],[160.8969440288,-49.8161155359],[160.9045570288,-49.8015495359],[160.9122690288,-49.7870055359],[160.9200800288,-49.7724845358],[160.9279900288,-49.7579865358],[160.9359980288,-49.7435115358],[160.9429610288,-49.7288135358],[160.9500250288,-49.7141355358],[160.9571880288,-49.6994785358],[160.9644520288,-49.6848415358],[160.9718150288,-49.6702275358],[160.9792770288,-49.6556345357],[160.9868390288,-49.6410625357],[160.9944990288,-49.6265145357],[161.0022580289,-49.6119875357],[161.0101150289,-49.5974845357],[161.0180700289,-49.5830035357],[161.0261240289,-49.5685465357],[161.0342750289,-49.5541135356],[161.0425230289,-49.5397045356],[161.0508690289,-49.5253195356],[161.0593110289,-49.5109595356],[161.0678500289,-49.4966235356],[161.0764860289,-49.4823125356],[161.0852170289,-49.4680275356],[161.0940450289,-49.4537685355],[161.1029680289,-49.4395355355],[161.111987029,-49.4253275355],[161.121100029,-49.4111475355],[161.130309029,-49.3969935355],[161.139612029,-49.3828665355],[161.149010029,-49.3687675355],[161.158501029,-49.3546955355],[161.168087029,-49.3406515354],[161.177766029,-49.3266365354],[161.187538029,-49.3126485354],[161.197403029,-49.2986905354],[161.207361029,-49.2847615354],[161.2174120291,-49.2708605354],[161.2275540291,-49.2569905354],[161.2377890291,-49.2431495354],[161.2481150291,-49.2293385353],[161.2585330291,-49.2155585353],[161.2690410291,-49.2018085353],[161.2796410291,-49.1880905353],[161.2903310291,-49.1744025353],[161.3011110291,-49.1607465353],[161.3119810291,-49.1471215353],[161.3229410291,-49.1335295353],[161.3339910292,-49.1199695352],[161.3451290292,-49.1064415352],[161.3563560292,-49.0929465352],[161.3676720292,-49.0794845352],[161.3790760292,-49.0660555352],[161.3905690292,-49.0526595352],[161.4021480292,-49.0392985352],[161.4138160292,-49.0259705352],[161.4255700292,-49.0126775351],[161.4374110293,-48.9994195351],[161.4493380293,-48.9861955351],[161.4613520293,-48.9730065351],[161.4734520293,-48.9598535351],[161.4856370293,-48.9467355351],[161.4979080293,-48.9336535351],[161.5102640293,-48.9206075351],[161.5227040293,-48.907597535],[161.5352290293,-48.894624535],[161.5478380294,-48.881688535],[161.5605310294,-48.868789535],[161.5733070294,-48.855927535],[161.5861670294,-48.843102535],[161.5991090294,-48.830316535],[161.6121340294,-48.817567535],[161.6076430294,-48.8024135349],[161.6032600294,-48.7872465349],[161.5989870294,-48.7720645349],[161.5948230294,-48.7568705349],[161.5907670294,-48.7416635349],[161.5868210294,-48.7264435349],[161.5829830294,-48.7112125349],[161.5792540294,-48.6959685348],[161.5756350294,-48.6807135348],[161.5721240294,-48.6654475348],[161.5687220294,-48.6501715348],[161.5654280294,-48.6348835348],[161.5622440294,-48.6195865348],[161.5591680294,-48.6042795348],[161.5562010294,-48.5889635347],[161.5533430294,-48.5736385347],[161.5505940294,-48.5583045347],[161.5479530294,-48.5429615347],[161.5454200294,-48.5276115347],[161.5429970294,-48.5122525347],[161.5406810294,-48.4968875347],[161.5384750294,-48.4815145346],[161.5363760293,-48.4661355346],[161.5343860293,-48.4507495346],[161.5325040293,-48.4353575346],[161.5307310293,-48.4199595346],[161.5290660293,-48.4045575346],[161.5275080293,-48.3891495346],[161.5260590293,-48.3737365345],[161.5247180293,-48.3583195345],[161.5234850293,-48.3428985345],[161.5223590293,-48.3274735345],[161.5213420293,-48.3120455345],[161.5204320293,-48.2966145345],[161.5196290293,-48.2811805345],[161.5189350293,-48.2657445344],[161.5183470293,-48.2503065344],[161.5178670293,-48.2348665344],[161.5174950293,-48.2194255344],[161.5172290293,-48.2039835344],[161.5170710293,-48.1885405344],[161.5170190293,-48.1730975344],[161.5170750293,-48.1576535343],[161.5172370293,-48.1422105343],[161.5175060293,-48.1267685343],[161.5178820293,-48.1113265343],[161.5183640293,-48.0958865343],[161.5189530293,-48.0804485343],[161.5196480293,-48.0650115343],[161.5204490293,-48.0495775342],[161.5213560293,-48.0341455342],[161.5223700293,-48.0187165342],[161.5234890293,-48.0032905342],[161.5247130293,-47.9878695342],[161.5260440293,-47.9724505342],[161.5274800293,-47.9570375342],[161.5290210293,-47.9416275341],[161.5306670293,-47.9262235341],[161.5324190293,-47.9108245341],[161.5342750293,-47.8954305341],[161.5362370293,-47.8800435341],[161.5383030294,-47.8646615341],[161.5404740294,-47.8492865341],[161.5427490294,-47.833918534],[161.5451280294,-47.818557534],[161.5476120294,-47.803204534],[161.5501990294,-47.787858534],[161.5528910294,-47.772521534],[161.5556860294,-47.757191534],[161.5585850294,-47.741871534],[161.5615870294,-47.7265605339],[161.5646920294,-47.7112585339],[161.5679010294,-47.6959665339],[161.5712130294,-47.6806845339],[161.5746270294,-47.6654135339],[161.5781440294,-47.6501525339],[161.5817630294,-47.6349025339],[161.5854850294,-47.6196635338],[161.5893090294,-47.6044365338],[161.5932350294,-47.5892215338],[161.5972620294,-47.5740195338],[161.6013910294,-47.5588295338],[161.6056220294,-47.5436525338],[161.6099540294,-47.5284885338],[161.6143870294,-47.5133375337],[161.6189210294,-47.4982015337],[161.6235560294,-47.4830785337],[161.6282920294,-47.4679705337],[161.6331270294,-47.4528775337],[161.6380630294,-47.4377995337],[161.6430990294,-47.4227375337],[161.6482350295,-47.4076905336],[161.6534700295,-47.3926595336],[161.6588050295,-47.3776455336],[161.6642390295,-47.3626475336],[161.6697730295,-47.3476665336],[161.6754050295,-47.3327025336],[161.6811350295,-47.3177565336],[161.6869640295,-47.3028285335],[161.6928920295,-47.2879185335],[161.6989170295,-47.2730265335],[161.7050410295,-47.2581535335],[161.7112620295,-47.2433005335],[161.7175800295,-47.2284655335],[161.7239960295,-47.2136515335],[161.7305080295,-47.1988565334],[161.7371180295,-47.1840825334],[161.7438240295,-47.1693285334],[161.7506260295,-47.1545955334],[161.7575250296,-47.1398845334],[161.7645200296,-47.1251935334],[161.7716100296,-47.1105255334],[161.7787960296,-47.0958795334],[161.7860770296,-47.0812555333],[161.7934530296,-47.0666535333],[161.8002690296,-47.0533185333],[161.8071630296,-47.0400035333],[161.8141370296,-47.0267065333],[161.8211900296,-47.0134305333],[161.8283210296,-47.0001745333],[161.8355300296,-46.9869385333],[161.8298120296,-46.9722165332],[161.8241950296,-46.9574765332],[161.8186790296,-46.9427185332],[161.8132650296,-46.9279435332],[161.8079520296,-46.9131505332],[161.8027410296,-46.8983415332],[161.7976310296,-46.8835165332],[161.7926230296,-46.8686745331],[161.7877160296,-46.8538175331],[161.7829120296,-46.8389445331],[161.7782090296,-46.8240565331],[161.7736070296,-46.8091545331],[161.7691070296,-46.7942365331],[161.7647090296,-46.7793055331],[161.7604130296,-46.764359533],[161.7561440296,-46.749823533],[161.7519710295,-46.735273533],[161.7478950295,-46.720710533],[161.7439150295,-46.706135533],[161.7400310295,-46.691548533],[161.7362440295,-46.676948533],[161.7325530295,-46.662337533],[161.7289580295,-46.6477155329],[161.7254600295,-46.6330825329],[161.7220580295,-46.6184385329],[161.7187530295,-46.6037845329],[161.7155440295,-46.5891195329],[161.7124310295,-46.5744455329],[161.7094140295,-46.5597615329],[161.7064940295,-46.5450685328],[161.7036690295,-46.5303675328],[161.7009410295,-46.5156565328],[161.6983100295,-46.5009375328],[161.6957740295,-46.4862105328],[161.6933350295,-46.4714765328],[161.6909920295,-46.4567345328],[161.6887440295,-46.4419845327],[161.6867790295,-46.4289975327],[161.6848870295,-46.4160055327],[161.6830700295,-46.4030075327],[161.6804560295,-46.3877045327],[161.6779460295,-46.3723925327],[161.6755390295,-46.3570725327],[161.6732350295,-46.3417455327],[161.6710360295,-46.3264115326],[161.6689390295,-46.3110695326],[161.6669470295,-46.2957215326],[161.6650570295,-46.2803675326],[161.6632710295,-46.2650075326],[161.6615880295,-46.2496415326],[161.6600090295,-46.2342705326],[161.6585320295,-46.2188945325],[161.6571590295,-46.2035135325],[161.6558890295,-46.1881285325],[161.6547220295,-46.1727395325],[161.6536580295,-46.1573465325],[161.6526960295,-46.1419505325],[161.6518380295,-46.1265515325],[161.6510820295,-46.1111505324],[161.6504290295,-46.0957465324],[161.6498790295,-46.0803405324],[161.6494310295,-46.0649325324],[161.6490860295,-46.0495235324],[161.6488430295,-46.0341145324],[161.6487020295,-46.0187035324],[161.6486640295,-46.0032925323],[161.6487270295,-45.9878825323],[161.6488930295,-45.9724715323],[161.6491610295,-45.9570615323],[161.6495310295,-45.9416525323],[161.6500020295,-45.9262455323],[161.6505750295,-45.9108395323],[161.6512500295,-45.8954355322],[161.6520260295,-45.8800335322],[161.6529040295,-45.8646345322],[161.6538830295,-45.8492385322],[161.6549630295,-45.8338465322],[161.6561440295,-45.8184565322],[161.6574260295,-45.8030715321],[161.6588090295,-45.7876905321],[161.6602930295,-45.7723145321],[161.6618770295,-45.7569425321],[161.6635620295,-45.7415765321],[161.6653480295,-45.7262155321],[161.6672330295,-45.7108605321],[161.6692190295,-45.695511532],[161.6708520295,-45.680242532],[161.6725840295,-45.664978532],[161.6744140295,-45.649720532],[161.6763440295,-45.634468532],[161.6783720295,-45.619222532],[161.6804980295,-45.603982532],[161.6827230295,-45.588750532],[161.6850470295,-45.5735255319],[161.6874690295,-45.5583075319],[161.6899880295,-45.5430975319],[161.6926060295,-45.5278965319],[161.6953210295,-45.5127025319],[161.6981340295,-45.4975185319],[161.7010450295,-45.4823435319],[161.7033610295,-45.4670515318],[161.7057760295,-45.4517675318],[161.7082900295,-45.4364915318],[161.7109020295,-45.4212235318],[161.7136120295,-45.4059645318],[161.7164210295,-45.3907145318],[161.7193290295,-45.3754725318],[161.7223340295,-45.3602405317],[161.7254370295,-45.3450185317],[161.7286380295,-45.3298065317],[161.7319360295,-45.3146055317],[161.7353330295,-45.2994145317],[161.7388260295,-45.2842345317],[161.7424160295,-45.2690665317],[161.7461040295,-45.2539105316],[161.7498890295,-45.2387655316],[161.7537700296,-45.2236335316],[161.7577470296,-45.2085135316],[161.7618220296,-45.1934065316],[161.7659920296,-45.1783135316],[161.7702590296,-45.1632335316],[161.7746210296,-45.1481675315],[161.7790790296,-45.1331155315],[161.7836330296,-45.1180775315],[161.7882820296,-45.1030555315],[161.7930270296,-45.0880475315],[161.7978660296,-45.0730555315],[161.8028010296,-45.0580795315],[161.8078300296,-45.0431185314],[161.8129540296,-45.0281745314],[161.8181720296,-45.0132475314],[161.8234850296,-44.9983365314],[161.8288910296,-44.9834435314],[161.8343910296,-44.9685675314],[161.8399850296,-44.9537095314],[161.8456730296,-44.9388695313],[161.8514530296,-44.9240485313],[161.8573270296,-44.9092455313],[161.8632940297,-44.8944625313],[161.8693530297,-44.8796985313],[161.8755100297,-44.8649285313],[161.8817590297,-44.8501795313],[161.8881010297,-44.8354505312],[161.8945350297,-44.8207415312],[161.9010610297,-44.8060545312],[161.9076790297,-44.7913875312],[161.9143880297,-44.7767425312],[161.9211890297,-44.7621195312],[161.9280810297,-44.7475185312],[161.9350640297,-44.7329395312],[161.9421380297,-44.7183835311],[161.9493030297,-44.7038505311],[161.9565580297,-44.6893405311],[161.9639030297,-44.6748545311],[161.9713380298,-44.6603915311],[161.9788630298,-44.6459535311],[161.9864770298,-44.6315395311],[161.9941810298,-44.617149531],[162.0019740298,-44.602785531],[162.0098560298,-44.588446531],[162.0178260298,-44.574133531],[162.0258850298,-44.559845531],[162.0340320298,-44.545583531],[162.0422670298,-44.531348531],[162.0505900298,-44.517140531],[162.0590000298,-44.5029595309],[162.0674980298,-44.4888045309],[162.0760830299,-44.4746785309],[162.0847540299,-44.4605795309],[162.0935120299,-44.4465095309],[162.1023570299,-44.4324665309],[162.1112870299,-44.4184535309],[162.1203040299,-44.4044685308],[162.1294060299,-44.3905135308],[162.1385940299,-44.3765875308],[162.1478660299,-44.3626915308],[162.1572240299,-44.3488255308],[162.1666660299,-44.3349895308],[162.1761930299,-44.3211845308],[162.18580403,-44.3074105308],[162.19549903,-44.2936675307],[162.20527803,-44.2799555307],[162.21514003,-44.2662755307],[162.22508503,-44.2526275307],[162.23511303,-44.2390115307],[162.24522403,-44.2254285307],[162.25541803,-44.2118785307],[162.26569303,-44.1983605307],[162.27605103,-44.1848765306],[162.28649003,-44.1714255306],[162.2970100301,-44.1580095306],[162.3076120301,-44.1446265306],[162.3182950301,-44.1312785306],[162.3290580301,-44.1179645306],[162.3399010301,-44.1046855306],[162.3508250301,-44.0914425306],[162.3618280301,-44.0782335305],[162.3729110301,-44.0650615305],[162.3840740301,-44.0519245305],[162.3953150301,-44.0388235305],[162.4066350302,-44.0257595305],[162.4180340302,-44.0127325305],[162.4295110302,-43.9997415305],[162.4410660302,-43.9867885305],[162.4526980302,-43.9738725304],[162.4644080302,-43.9609945304],[162.4761950302,-43.9481545304],[162.4880590302,-43.9353515304],[162.4999990302,-43.9225885304],[162.5120160303,-43.9098635304],[162.5241080303,-43.8971775304],[162.5362770303,-43.8845305304],[162.5478780303,-43.8723965304],[162.5595480303,-43.8602975303],[162.5712870303,-43.8482355303],[162.5830950303,-43.8362095303],[162.5949720303,-43.8242205303],[162.6069170303,-43.8122675303],[162.6189300304,-43.8003525303],[162.6310110304,-43.7884745303],[162.6431600304,-43.7766345303],[162.6553750304,-43.7648315303],[162.6676580304,-43.7530665302],[162.6800080304,-43.7413395302],[162.6904080304,-43.7310415302],[162.7008590304,-43.7207715302],[162.7113600304,-43.7105295302],[162.7219120305,-43.7003155302],[162.7325140305,-43.6901295302],[162.7430090305,-43.6774185302],[162.7535780305,-43.6647395302],[162.7642190305,-43.6520935301],[162.7749340305,-43.6394805301],[162.7857210305,-43.6269025301],[162.7965800305,-43.6143575301],[162.8075110305,-43.6018465301],[162.8185140305,-43.5893695301],[162.8290640306,-43.5765695301],[162.8396890306,-43.5638025301],[162.8503870306,-43.5510695301],[162.8611580306,-43.53837053],[162.8720040306,-43.52570553],[162.8829220306,-43.51307453],[162.8939130306,-43.50047853],[162.9049770306,-43.48791753],[162.9161140306,-43.47539053],[162.9273220306,-43.46289953],[162.9386030307,-43.45044453],[162.9499550307,-43.4380245299],[162.9613780307,-43.4256405299],[162.9728730307,-43.4132925299],[162.9844390307,-43.4009815299],[162.9960750307,-43.3887065299],[163.0077820307,-43.3764685299],[163.0195590307,-43.3642675299],[163.0314060307,-43.3521035299],[163.0433230308,-43.3399775299],[163.0553090308,-43.3278895298],[163.0673650308,-43.3158395298],[163.0794390308,-43.3035615298],[163.0915850308,-43.2913235298],[163.1038010308,-43.2791235298],[163.1160880308,-43.2669635298],[163.1284460308,-43.2548425298],[163.1408730308,-43.2427605298],[163.1533710309,-43.2307195298],[163.1659380309,-43.2187175297],[163.1785740309,-43.2067565297],[163.1912790309,-43.1948365297],[163.2040530309,-43.1829565297],[163.2168950309,-43.1711175297],[163.2298050309,-43.1593205297],[163.2427840309,-43.1475635297],[163.2558290309,-43.1358495297],[163.268943031,-43.1241765297],[163.282123031,-43.1125465296],[163.295370031,-43.1009575296],[163.308683031,-43.0894125296],[163.322063031,-43.0779095296],[163.335509031,-43.0664495296],[163.349020031,-43.0550325296],[163.362597031,-43.0436585296],[163.3762380311,-43.0323285296],[163.3900010311,-43.0206375296],[163.4038320311,-43.0089915295],[163.4177320311,-42.9973905295],[163.4316990311,-42.9858355295],[163.4457330311,-42.9743265295],[163.4598350311,-42.9628635295],[163.4740040312,-42.9514465295],[163.4882390312,-42.9400765295],[163.5009270312,-42.9288935295],[163.5136760312,-42.9177495295],[163.5264870312,-42.9066445295],[163.5393580312,-42.8955805294],[163.5522910312,-42.8845555294],[163.5652840312,-42.8735705294],[163.5783380313,-42.8626265294],[163.5908510313,-42.8519095294],[163.6034210313,-42.8412305294],[163.6160480313,-42.8305895294],[163.6287320313,-42.8199865294],[163.6414720313,-42.8094225294],[163.6542680313,-42.7988955294],[163.6671210313,-42.7884075293],[163.6800300313,-42.7779585293],[163.6929940314,-42.7675485293],[163.7060130314,-42.7571765293],[163.7190880314,-42.7468445293],[163.7327640314,-42.7352015293],[163.7465070314,-42.7236035293],[163.7603180314,-42.7120505293],[163.7741950314,-42.7005435293],[163.7881390314,-42.6890815292],[163.8021500315,-42.6776655292],[163.8162270315,-42.6662955292],[163.8303700315,-42.6549715292],[163.8445780315,-42.6436945292],[163.8588510315,-42.6324635292],[163.8731890315,-42.6212805292],[163.8875920315,-42.6101435292],[163.9020590316,-42.5990545292],[163.9165900316,-42.5880135292],[163.9311850316,-42.5770195291],[163.9458430316,-42.5660735291],[163.9605640316,-42.5551765291],[163.9753480316,-42.5443275291],[163.9901940316,-42.5335265291],[164.0051020316,-42.5227745291],[164.0200730317,-42.5120725291],[164.0351040317,-42.5014185291],[164.0501970317,-42.4908145291],[164.0653510317,-42.4802605291],[164.0805650317,-42.469755529],[164.0958390317,-42.459300529],[164.1111740317,-42.448896529],[164.1265670318,-42.438542529],[164.1420210318,-42.428239529],[164.1575330318,-42.417986529],[164.1731030318,-42.407785529],[164.1887320318,-42.397634529],[164.2044200318,-42.387535529],[164.2201640318,-42.377488529],[164.2359660319,-42.367492529],[164.2518250319,-42.3575495289],[164.2677410319,-42.3476575289],[164.2837130319,-42.3378185289],[164.2997410319,-42.3280315289],[164.3158250319,-42.3182975289],[164.331965032,-42.3086165289],[164.348159032,-42.2989885289],[164.364408032,-42.2894135289],[164.377082032,-42.2771915289],[164.389826032,-42.2650105289],[164.402641032,-42.2528715288],[164.415527032,-42.2407765288],[164.428483032,-42.2287235288],[164.4415090321,-42.2167135288],[164.4546040321,-42.2047475288],[164.4677690321,-42.1928245288],[164.4810020321,-42.1809455288],[164.4943050321,-42.1691105288],[164.5076750321,-42.1573195288],[164.5211140321,-42.1455735287],[164.5346210321,-42.1338725287],[164.5481950322,-42.1222155287],[164.5618370322,-42.1106045287],[164.5755450322,-42.0990385287],[164.5893200322,-42.0875175287],[164.6031610322,-42.0760435287],[164.6170690322,-42.0646155287],[164.6310420322,-42.0532325287],[164.6450800322,-42.0418975286],[164.6591840323,-42.0306085286],[164.6733530323,-42.0193665286],[164.6875860323,-42.0081715286],[164.7018830323,-41.9970245286],[164.7162440323,-41.9859245286],[164.7306690323,-41.9748725286],[164.7451570323,-41.9638685286],[164.7597080324,-41.9529125286],[164.7743220324,-41.9420045286],[164.7889980324,-41.9311465285],[164.8037370324,-41.9203365285],[164.8185370324,-41.9095755285],[164.8309490324,-41.9005345285],[164.8434050324,-41.8915295285],[164.8559040324,-41.8825585285],[164.8684460325,-41.8736215285],[164.8810310325,-41.8647205285],[164.8936590325,-41.8558545285],[164.9073480325,-41.8442705285],[164.9211050325,-41.8327325285],[164.9349280325,-41.8212405284],[164.9488170325,-41.8097945284],[164.9627710325,-41.7983945284],[164.9767910326,-41.7870425284],[164.9908770326,-41.7757365284],[165.0050270326,-41.7644775284],[165.0192410326,-41.7532665284],[165.0335200326,-41.7421035284],[165.0478630326,-41.7309875284],[165.0622690326,-41.7199195283],[165.0767390326,-41.7089005283],[165.0912720327,-41.6979295283],[165.1058670327,-41.6870065283],[165.1205250327,-41.6761335283],[165.1352450327,-41.6653095283],[165.1500260327,-41.6545345283],[165.1648690327,-41.6438085283],[165.1797730327,-41.6331325283],[165.1947380328,-41.6225065283],[165.2097640328,-41.6119305282],[165.2248490328,-41.6014055282],[165.2399950328,-41.5909305282],[165.2552000328,-41.5805065282],[165.2704640328,-41.5701335282],[165.2857870328,-41.5598105282],[165.3011690329,-41.5495405282],[165.3166090329,-41.5393205282],[165.3321080329,-41.5291535282],[165.3476630329,-41.5190375282],[165.3632760329,-41.5089735282],[165.3789460329,-41.4989625281],[165.3946730329,-41.4890035281],[165.410456033,-41.4790975281],[165.426295033,-41.4692445281],[165.442190033,-41.4594445281],[165.458140033,-41.4496975281],[165.474145033,-41.4400035281],[165.490205033,-41.4303635281],[165.506320033,-41.4207775281],[165.5224880331,-41.4112455281],[165.5387100331,-41.4017675281],[165.5549860331,-41.392343528],[165.5713140331,-41.382974528],[165.5876960331,-41.373660528],[165.6041300331,-41.364400528],[165.6206150332,-41.355195528],[165.6371530332,-41.346046528],[165.6537420332,-41.336952528],[165.6703820332,-41.327914528],[165.6870730332,-41.318931528],[165.7038150332,-41.310005528],[165.7206060332,-41.301134528],[165.7374470333,-41.2923205279],[165.7543380333,-41.2835625279],[165.7712770333,-41.2748605279],[165.7882660333,-41.2662165279],[165.8053030333,-41.2576285279],[165.8223880333,-41.2490975279],[165.8395200334,-41.2406245279],[165.8567000334,-41.2322085279],[165.8739270334,-41.2238495279],[165.8912010334,-41.2155485279],[165.9085210334,-41.2073065279],[165.9258870334,-41.1991215279],[165.9432990335,-41.1909945279],[165.9607560335,-41.1829265278],[165.9782580335,-41.1749165278],[165.9958050335,-41.1669645278],[166.0133960335,-41.1590725278],[166.0310310335,-41.1512385278],[166.0487100336,-41.1434645278],[166.0664320336,-41.1357495278],[166.0841970336,-41.1280935278],[166.1020040336,-41.1204965278],[166.1198540336,-41.1129605278],[166.1377450336,-41.1054835278],[166.1556780337,-41.0980665278],[166.1736530337,-41.0907095278],[166.1916680337,-41.0834125278],[166.2097230337,-41.0761765277],[166.2278190337,-41.0690005277],[166.2459550337,-41.0618855277],[166.2641300338,-41.0548305277],[166.2823440338,-41.0478375277],[166.3005970338,-41.0409045277],[166.3188880338,-41.0340335277],[166.3372170338,-41.0272235277],[166.3555840338,-41.0204745277],[166.3739890339,-41.0137875277],[166.3924300339,-41.0071615277],[166.4109080339,-41.0005975277],[166.4294220339,-40.9940965277],[166.4479720339,-40.9876565277],[166.4665580339,-40.9812785277],[166.485179034,-40.9749635277],[166.503835034,-40.9687105276],[166.522525034,-40.9625195276],[166.541249034,-40.9563915276],[166.559858034,-40.9503175276],[166.578500034,-40.9443055276],[166.5971740341,-40.9383555276],[166.6158820341,-40.9324685276],[166.6346210341,-40.9266425276],[166.6533930341,-40.9208795276],[166.6721960341,-40.9151785276],[166.6910300341,-40.9095405276],[166.7098950342,-40.9039655276],[166.7287900342,-40.8984525276],[166.7477160342,-40.8930035276],[166.7666710342,-40.8876165276],[166.7856550342,-40.8822925276],[166.8046690343,-40.8770325276],[166.8237120343,-40.8718355276],[166.8427820343,-40.8667015276],[166.8618810343,-40.8616315275],[166.8810070343,-40.8566245275],[166.9001610343,-40.8516815275],[166.9193410344,-40.8468025275],[166.9331650344,-40.8406955275],[166.9470150344,-40.8346255275],[166.9608920344,-40.8285915275],[166.9747950344,-40.8225945275],[166.9893420344,-40.8158645275],[167.0039210344,-40.8091755275],[167.0185300345,-40.8025285275],[167.0331710345,-40.7959215275],[167.0456450345,-40.7887705275],[167.0581490345,-40.7816515275],[167.0723290345,-40.7710205275],[167.0865690345,-40.7604365275],[167.1008660345,-40.7499005274],[167.1152220345,-40.7394115274],[167.1296350346,-40.7289705274],[167.1441070346,-40.7185775274],[167.1586350346,-40.7082335274],[167.1732200346,-40.6979365274],[167.1878630346,-40.6876885274],[167.2025610346,-40.6774895274],[167.2173160346,-40.6673395274],[167.2321260347,-40.6572385274],[167.2469920347,-40.6471865273],[167.2619140347,-40.6371845273],[167.2768900347,-40.6272325273],[167.2919210347,-40.6173295273],[167.3070060347,-40.6074765273],[167.3141820347,-40.5937875273],[167.3214340347,-40.5801215273],[167.3287620347,-40.5664795273],[167.3361660347,-40.5528625273],[167.3436460348,-40.5392695272],[167.3512980348,-40.5250655272],[167.3590320348,-40.5108885272],[167.3668480348,-40.4967375272],[167.3747470348,-40.4826145272],[167.3827260348,-40.4685175272],[167.3907880348,-40.4544495272],[167.3989300348,-40.4404085272],[167.4071540348,-40.4263955271],[167.4154580348,-40.4124115271],[167.4238430348,-40.3984555271],[167.4323090348,-40.3845295271],[167.4408540348,-40.3706315271],[167.4494800349,-40.3567635271],[167.4581850349,-40.3429255271],[167.4669690349,-40.3291175271],[167.4758330349,-40.315340527],[167.4847760349,-40.301593527],[167.4937980349,-40.287877527],[167.5028990349,-40.274192527],[167.5120780349,-40.260538527],[167.5213350349,-40.246917527],[167.5306700349,-40.233327527],[167.5400820349,-40.219769527],[167.5495730349,-40.2062445269],[167.559140035,-40.1927525269],[167.568785035,-40.1792935269],[167.578506035,-40.1658675269],[167.588303035,-40.1524755269],[167.598177035,-40.1391165269],[167.608128035,-40.1257925269],[167.618153035,-40.1125025269],[167.628255035,-40.0992475268],[167.638432035,-40.0860265268],[167.648684035,-40.0728415268],[167.6590110351,-40.0596915268],[167.6694120351,-40.0465775268],[167.6798880351,-40.0334995268],[167.6904380351,-40.0204565268],[167.7010620351,-40.0074515268],[167.7117590351,-39.9944825267],[167.7225300351,-39.9815505267],[167.7333740351,-39.9686555267],[167.7442910351,-39.9557975267],[167.7552800351,-39.9429785267],[167.7663420352,-39.9301965267],[167.7774760352,-39.9174525267],[167.7883660352,-39.9050435267],[167.7993250352,-39.8926705266],[167.8103510352,-39.8803345266],[167.8214450352,-39.8680355266],[167.8326070352,-39.8557735266],[167.8438360352,-39.8435495266],[167.8551320352,-39.8313625266],[167.8664940352,-39.8192145266],[167.8779240353,-39.8071045266],[167.8894190353,-39.7950335266],[167.9009810353,-39.7830005265],[167.9126080353,-39.7710065265],[167.9243010353,-39.7590515265],[167.9360590353,-39.7471365265],[167.9478830353,-39.7352605265],[167.9597710353,-39.7234255265],[167.9717230353,-39.7116295265],[167.9837400354,-39.6998735265],[167.9958210354,-39.6881585265],[168.0079660354,-39.6764845264],[168.0201740354,-39.6648505264],[168.0324460354,-39.6532585264],[168.0447810354,-39.6417065264],[168.0571780354,-39.6301975264],[168.0696380354,-39.6187295264],[168.0821610354,-39.6073035264],[168.0901100355,-39.5935435264],[168.0981360355,-39.5798105264],[168.1062380355,-39.5661055263],[168.1144180355,-39.5524285263],[168.1226740355,-39.5387785263],[168.1310060355,-39.5251575263],[168.1394140355,-39.5115655263],[168.1478980355,-39.4980025263],[168.1564580355,-39.4844675263],[168.1650930355,-39.4709625263],[168.1738030355,-39.4574875262],[168.1825880355,-39.4440425262],[168.1914480355,-39.4306275262],[168.2003820356,-39.4172425262],[168.2093910356,-39.4038885262],[168.2184740356,-39.3905655262],[168.2276310356,-39.3772735262],[168.2368620356,-39.3640125262],[168.2461660356,-39.3507835261],[168.2555430356,-39.3375865261],[168.2649940356,-39.3244225261],[168.2745170356,-39.3112895261],[168.2841130356,-39.2981905261],[168.2937820356,-39.2851235261],[168.3035070357,-39.2716425261],[168.3133090357,-39.2581955261],[168.3231870357,-39.244783526],[168.3331410357,-39.231405526],[168.3431710357,-39.218063526],[168.3532760357,-39.204756526],[168.3634560357,-39.191484526],[168.3737120357,-39.178248526],[168.3840420357,-39.165049526],[168.3944470357,-39.151885526],[168.4049250357,-39.1387595259],[168.4154780358,-39.1256695259],[168.4261050358,-39.1126175259],[168.4368050358,-39.0996025259],[168.4475780358,-39.0866255259],[168.4584240358,-39.0736855259],[168.4693430358,-39.0607845259],[168.4803350358,-39.0479215259],[168.4913990358,-39.0350975258],[168.5025340358,-39.0223125258],[168.5137420358,-39.0095675258],[168.5250210359,-38.9968605258],[168.5363710359,-38.9841945258],[168.5477920359,-38.9715675258],[168.5592830359,-38.9589815258],[168.5708450359,-38.9464355258],[168.5824770359,-38.9339305258],[168.5941790359,-38.9214665257],[168.6059510359,-38.9090435257],[168.6177920359,-38.8966615257],[168.629702036,-38.8843225257],[168.641681036,-38.8720245257],[168.653728036,-38.8597685257],[168.665844036,-38.8475555257],[168.678028036,-38.8353855257],[168.690279036,-38.8232575256],[168.702598036,-38.8111725256],[168.714984036,-38.7991315256],[168.727437036,-38.7871345256],[168.7399560361,-38.7751805256],[168.7525420361,-38.7632715256],[168.7651940361,-38.7514065256],[168.7779120361,-38.7395855256],[168.7906950361,-38.7278105256],[168.8035440361,-38.7160795255],[168.8161990361,-38.7042775255],[168.8289200361,-38.6925195255],[168.8417050362,-38.6808065255],[168.8545560362,-38.6691385255],[168.8674700362,-38.6575165255],[168.8804490362,-38.6459385255],[168.8934910362,-38.6344075255],[168.9065970362,-38.6229215255],[168.9197660362,-38.6114815255],[168.9329990362,-38.6000875254],[168.9462930362,-38.5887405254],[168.9596510363,-38.5774405254],[168.9730700363,-38.5661865254],[168.9865510363,-38.5549805254],[169.0000940363,-38.5438215254],[169.0136980363,-38.5327105254],[169.0269630363,-38.5216605254],[169.0402880363,-38.5106555254],[169.0536720363,-38.4996975253],[169.0671150364,-38.4887855253],[169.0806180364,-38.4779205253],[169.0941790364,-38.4671015253],[169.1077980364,-38.4563305253],[169.1214760364,-38.4456055253],[169.1352110364,-38.4349285253],[169.1490040364,-38.4242995253],[169.1628540365,-38.4137175253],[169.1767610365,-38.4031845253],[169.1907250365,-38.3926985252],[169.2047450365,-38.3822615252],[169.2188210365,-38.3718735252],[169.2329540365,-38.3615335252],[169.2471410365,-38.3512425252],[169.2613840365,-38.3410015252],[169.2756820366,-38.3308095252],[169.2900350366,-38.3206665252],[169.3044420366,-38.3105735252],[169.3189030366,-38.3005305252],[169.3334180366,-38.2905375252],[169.3479860366,-38.2805945251],[169.3626080366,-38.2707025251],[169.3772830367,-38.2608615251],[169.3920100367,-38.2510705251],[169.4067900367,-38.2413305251],[169.4216210367,-38.2316425251],[169.4365050367,-38.2220055251],[169.4514400367,-38.2124195251],[169.4664260367,-38.2028865251],[169.4814630367,-38.1934045251],[169.4965500368,-38.1839745251],[169.5116880368,-38.174597525],[169.5268760368,-38.165272525],[169.5421140368,-38.155999525],[169.5574010368,-38.146780525],[169.5727370368,-38.137613525],[169.5881210368,-38.128500525],[169.6035550369,-38.119440525],[169.6190360369,-38.110433525],[169.6345650369,-38.101480525],[169.6501430369,-38.092581525],[169.6644740369,-38.083216525],[169.6788540369,-38.073900525],[169.6932820369,-38.0646325249],[169.707758037,-38.0554135249],[169.722281037,-38.0462425249],[169.736852037,-38.0371205249],[169.751469037,-38.0280475249],[169.766134037,-38.0190225249],[169.780844037,-38.0100485249],[169.795601037,-38.0011225249],[169.8104040371,-37.9922475249],[169.8252530371,-37.9834215249],[169.8305180371,-37.9737555249],[169.8358210371,-37.9641025248],[169.8411610371,-37.9544625248],[169.8486770371,-37.9408185248],[169.8562680371,-37.9272005248],[169.8639320371,-37.9136095248],[169.8716690371,-37.9000445248],[169.8794800371,-37.8865075248],[169.8873640371,-37.8729965248],[169.8953210371,-37.8595135248],[169.9033510371,-37.8460575247],[169.9114540371,-37.8326305247],[169.9196280372,-37.8192305247],[169.9278750372,-37.8058595247],[169.9361950372,-37.7925175247],[169.9445850372,-37.7792045247],[169.9530480372,-37.7659195247],[169.9612570372,-37.7529175247],[169.9695330372,-37.7399435246],[169.9778780372,-37.7269975246],[169.9862910372,-37.7140795246],[169.9947720372,-37.7011905246],[170.0033200372,-37.6883305246],[170.0119360372,-37.6754985246],[170.0206190373,-37.6626965246],[170.0293690373,-37.6499245246],[170.0381860373,-37.6371815245],[170.0470690373,-37.6244685245],[170.0560190373,-37.6117855245],[170.0650350373,-37.5991335245],[170.0741180373,-37.5865115245],[170.0638850373,-37.5746935245],[170.0537190373,-37.5628405245],[170.0436200373,-37.5509505245],[170.0335890373,-37.5390265245],[170.0236260373,-37.5270665244],[170.0137300372,-37.5150725244],[170.0039020372,-37.5030435244],[169.9941420372,-37.4909805244],[169.9844510372,-37.4788835244],[169.9748280372,-37.4667515244],[169.9652730372,-37.4545865244],[169.9557870372,-37.4423885244],[169.9451990372,-37.4294415244],[169.9346890372,-37.4164545243],[169.9242580372,-37.4034285243],[169.9139060372,-37.3903625243],[169.9036340371,-37.3772575243],[169.8934410371,-37.3641145243],[169.8833290371,-37.3509325243],[169.8732960371,-37.3377125243],[169.8626690371,-37.3254255243],[169.8521150371,-37.3131005242],[169.8416330371,-37.3007375242],[169.8312230371,-37.2883355242],[169.8208860371,-37.2758955242],[169.8106230371,-37.2634175242],[169.800433037,-37.2509035242],[169.790316037,-37.2383505242],[169.780272037,-37.2257615242],[169.773300037,-37.2170175242],[169.763376037,-37.2047165241],[169.753523037,-37.1923795241],[169.743741037,-37.1800075241],[169.732546037,-37.1673835241],[169.721429037,-37.1547175241],[169.710388037,-37.1420085241],[169.699425037,-37.1292585241],[169.6885390369,-37.1164665241],[169.6777310369,-37.103633524],[169.6670010369,-37.090759524],[169.6563490369,-37.077844524],[169.6457760369,-37.064889524],[169.6352810369,-37.051894524],[169.6248650369,-37.038859524],[169.6145280369,-37.025784524],[169.6042700369,-37.012671524],[169.5940920369,-36.999518524],[169.5839930368,-36.9863275239],[169.5739740368,-36.9730985239],[169.5640350368,-36.9598315239],[169.5541760368,-36.9465265239],[169.5443970368,-36.9331835239],[169.5346990368,-36.9198045239],[169.5250810368,-36.9063885239],[169.5155450368,-36.8929355239],[169.5060890368,-36.8794475238],[169.4967150368,-36.8659225238],[169.4874220368,-36.8523625238],[169.4782100367,-36.8387675238],[169.4690810367,-36.8251375238],[169.4600330367,-36.8114725238],[169.4510670367,-36.7977735238],[169.4421830367,-36.7840415238],[169.4333820367,-36.7702745237],[169.4246630367,-36.7564745237],[169.4100450367,-36.7463935237],[169.3954890367,-36.7362555237],[169.3809950367,-36.7260615237],[169.3665650366,-36.7158115237],[169.3521970366,-36.7055065237],[169.3378920366,-36.6951465237],[169.3236520366,-36.6847315237],[169.3094750366,-36.6742615236],[169.2953620366,-36.6637365236],[169.2813140366,-36.6531575236],[169.2673310365,-36.6425245236],[169.2534130365,-36.6318375236],[169.2395600365,-36.6210975236],[169.2257730365,-36.6103045236],[169.2120530365,-36.5994575236],[169.1983980365,-36.5885585236],[169.1848110365,-36.5776065236],[169.1712900365,-36.5666025235],[169.1578370364,-36.5555465235],[169.1444510364,-36.5444385235],[169.1311320364,-36.5332795235],[169.1178820364,-36.5220695235],[169.1047000364,-36.5108075235],[169.0915870364,-36.4994955235],[169.0785430364,-36.4881335235],[169.0655680364,-36.4767205235],[169.0526630363,-36.4652585235],[169.0398270363,-36.4537465234],[169.0270610363,-36.4421845234],[169.0143660363,-36.4305745234],[169.0017410363,-36.4189155234],[168.9891860363,-36.4072075234],[168.9767030363,-36.3954515234],[168.9642910363,-36.3836475234],[168.9519510363,-36.3717955234],[168.9396830362,-36.3598965234],[168.9274860362,-36.3479505233],[168.9153620362,-36.3359565233],[168.9033110362,-36.3239175233],[168.8913320362,-36.3118315233],[168.8794270362,-36.2996995233],[168.8675940362,-36.2875215233],[168.8558360362,-36.2752975233],[168.8441510362,-36.2630295233],[168.8325400361,-36.2507165233],[168.8210030361,-36.2383585232],[168.8095410361,-36.2259555232],[168.7981530361,-36.2135095232],[168.7868410361,-36.2010195232],[168.7756030361,-36.1884855232],[168.7644410361,-36.1759095232],[168.7533550361,-36.1632895232],[168.7423440361,-36.1506275232],[168.731410036,-36.1379225231],[168.720551036,-36.1251765231],[168.709769036,-36.1123885231],[168.699064036,-36.0995585231],[168.688436036,-36.0866875231],[168.677885036,-36.0737765231],[168.667411036,-36.0608245231],[168.657015036,-36.0478325231],[168.646696036,-36.0348005231],[168.636455036,-36.021728523],[168.626292036,-36.008617523],[168.6162080359,-35.995467523],[168.6062020359,-35.982278523],[168.5962750359,-35.969051523],[168.5864260359,-35.955785523],[168.5766570359,-35.942482523],[168.5669670359,-35.929141523],[168.5573560359,-35.9157645229],[168.5478250359,-35.9023495229],[168.5383730359,-35.8888975229],[168.5290020359,-35.8754105229],[168.5197100359,-35.8618865229],[168.5104990358,-35.8483275229],[168.5013680358,-35.8347325229],[168.4923180358,-35.8211035229],[168.4833490358,-35.8074395228],[168.4744610358,-35.7937405228],[168.4656530358,-35.7800075228],[168.4569270358,-35.7662405228],[168.4482830358,-35.7524405228],[168.4397200358,-35.7386075228],[168.4312380358,-35.7247415228],[168.4228390358,-35.7108425228],[168.4145210358,-35.6969115227],[168.4062860357,-35.6829485227],[168.3981330357,-35.6689545227],[168.3900620357,-35.6549285227],[168.3820740357,-35.6408725227],[168.3741690357,-35.6267855227],[168.3663460357,-35.6126675227],[168.3586070357,-35.5985195226],[168.3509510357,-35.5843425226],[168.3433770357,-35.5701355226],[168.3358790357,-35.5559265226],[168.3284630357,-35.5416885226],[168.3211320357,-35.5274215226],[168.3138830357,-35.5131265226],[168.3067180357,-35.4988045226],[168.2996370356,-35.4844545225],[168.2926400356,-35.4700775225],[168.2857260356,-35.4556735225],[168.2788970356,-35.4412435225],[168.2721510356,-35.4267865225],[168.2654900356,-35.4123045225],[168.2589140356,-35.3977975225],[168.2524210356,-35.3832645224],[168.2460140356,-35.3687065224],[168.2396910356,-35.3541245224],[168.2334520356,-35.3395175224],[168.2272990356,-35.3248875224],[168.2212300356,-35.3102335224],[168.2152470356,-35.2955565224],[168.2093480356,-35.2808575224],[168.2035350356,-35.2661345223],[168.1978070356,-35.2513905223],[168.1921640355,-35.2366235223],[168.1866070355,-35.2218355223],[168.1811350355,-35.2070265223],[168.1757490355,-35.1921955223],[168.1704490355,-35.1773455223],[168.1652340355,-35.1624745222],[168.1601050355,-35.1475835222],[168.1550620355,-35.1326725222],[168.1501050355,-35.1177425222],[168.1452330355,-35.1027935222],[168.1404480355,-35.0878265222],[168.1357490355,-35.0728405222],[168.1311360355,-35.0578375221],[168.1266090355,-35.0428155221],[168.1221690355,-35.0277775221],[168.1178140355,-35.0127225221],[168.1135470355,-34.9976505221],[168.1093650355,-34.9825615221],[168.1052700355,-34.9674575221],[168.1012620355,-34.952337522],[168.0973400355,-34.937202522],[168.0935040355,-34.922052522],[168.0897550355,-34.906887522],[168.0860930354,-34.891708522],[168.0825180354,-34.876515522],[168.0790290354,-34.861309522],[168.0756270354,-34.8460895219],[168.0723110354,-34.8308565219],[168.0690830354,-34.8156105219],[168.0659410354,-34.8003535219],[168.0628860354,-34.7850835219],[168.0599180354,-34.7698025219],[168.0570360354,-34.7545095219],[168.0542420354,-34.7392065218],[168.0515340354,-34.7238925218],[168.0489140354,-34.7085675218],[168.0463800354,-34.6932335218],[168.0439330354,-34.6778895218],[168.0415730354,-34.6625365218],[168.0393000354,-34.6471735218],[168.0371140354,-34.6318035217],[168.0350150354,-34.6164235217],[168.0330020354,-34.6010365217],[168.0310770354,-34.5856425217],[168.0292380354,-34.5702405217],[168.0274870354,-34.5548315217],[168.0258220354,-34.5394165217],[168.0242440354,-34.5239945216],[168.0227530354,-34.5085665216],[168.0213490354,-34.4931335216],[168.0200320354,-34.4776945216],[168.0188010354,-34.4622515216],[168.0176570354,-34.4468035216],[168.0166000354,-34.4313505216],[168.0156300354,-34.4158945215],[168.0147460354,-34.4004345215],[168.0139500354,-34.3849715215],[168.0132390354,-34.3695055215],[168.0126160354,-34.3540365215],[168.0120780354,-34.3385655215],[168.0116280354,-34.3230925215],[168.0112640354,-34.3076185214],[168.0109860354,-34.2921425214],[168.0107950354,-34.2766655214],[168.0106900354,-34.2611885214],[168.0106720354,-34.2457105214],[168.0107400354,-34.2302335214],[168.0108940354,-34.2147565214],[168.0111340354,-34.1992795213],[168.0114600354,-34.1838045213],[168.0118730354,-34.1683305213],[168.0123710354,-34.1528585213],[168.0129560354,-34.1373875213],[168.0136260354,-34.1219195213],[168.0143820354,-34.1064545213],[168.0152240354,-34.0909925212],[168.0161520354,-34.0755335212],[168.0171650354,-34.0600785212],[168.0182640354,-34.0446275212],[168.0194490354,-34.0291805212],[168.0207180354,-34.0137385212],[168.0220740354,-33.9983015212],[168.0235140354,-33.9828705211],[168.0250400354,-33.9674445211],[168.0266510354,-33.9520235211],[168.0283470354,-33.9366105211],[168.0301280354,-33.9212035211],[168.0319940354,-33.9058035211],[168.0339440354,-33.8904105211],[168.0359800354,-33.875025521],[168.0381000354,-33.859647521],[168.0403040354,-33.844278521],[168.0425930354,-33.828918521],[168.0449660354,-33.813567521],[168.0474240354,-33.798224521],[168.0499660354,-33.782892521],[168.0525920354,-33.7675695209],[168.0553010354,-33.7522575209],[168.0580950354,-33.7369555209],[168.0609720354,-33.7216645209],[168.0639340354,-33.7063845209],[168.0669780354,-33.6911155209],[168.0701060354,-33.6758595209],[168.0733180354,-33.6606145208],[168.0766120354,-33.6453825208],[168.0799900354,-33.6301635208],[168.0834510354,-33.6149575208],[168.0869950354,-33.5997655208],[168.0906210355,-33.5845865208],[168.0943300355,-33.5694215208],[168.0981220355,-33.5542715207],[168.1019950355,-33.5391355207],[168.1059520355,-33.5240145207],[168.1099900355,-33.5089095207],[168.1141110355,-33.4938195207],[168.1183130355,-33.4787455207],[168.1225970355,-33.4636885207],[168.1269630355,-33.4486475206],[168.1314100355,-33.4336235206],[168.1359390355,-33.4186165206],[168.1405480355,-33.4036275206],[168.1452390355,-33.3886565206],[168.1500110355,-33.3737035206],[168.1548640355,-33.3587685206],[168.1597970355,-33.3438525205],[168.1648110355,-33.3289555205],[168.1699060355,-33.3140785205],[168.1750800355,-33.2992205205],[168.1803350355,-33.2843825205],[168.1856700355,-33.2695655205],[168.1910840355,-33.2547685205],[168.1965780356,-33.2399935204],[168.2021520356,-33.2252385204],[168.2078040356,-33.2105055204],[168.2135370356,-33.1957945204],[168.2193480356,-33.1811055204],[168.2252380356,-33.1664395204],[168.2312060356,-33.1517955204],[168.2372530356,-33.1371745204],[168.2433790356,-33.1225775203],[168.2495830356,-33.1080035203],[168.2558650356,-33.0934545203],[168.2622240356,-33.0789285203],[168.2686620356,-33.0644285203],[168.2751770356,-33.0499525203],[168.2817690356,-33.0355015203],[168.2884390356,-33.0210765202],[168.2951850356,-33.0066765202],[168.3020090356,-32.9923035202],[168.3089090357,-32.9779565202],[168.3158860357,-32.9636365202],[168.3229390357,-32.9493425202],[168.3300680357,-32.9350765202],[168.3372730357,-32.9208385202],[168.3445530357,-32.9066275201],[168.3519100357,-32.8924445201],[168.3593420357,-32.8782905201],[168.3668490357,-32.8641645201],[168.3744310357,-32.8500685201],[168.3820870357,-32.8360005201],[168.3898190357,-32.8219635201],[168.3976250357,-32.80795552],[168.4055050357,-32.79397752],[168.4134590358,-32.78003052],[168.4214880358,-32.76611352],[168.4295890358,-32.75222852],[168.4377650358,-32.73837452],[168.4460130358,-32.72455152],[168.4543350358,-32.71076052],[168.4627290358,-32.6970015199],[168.4711970358,-32.6832755199],[168.4797360358,-32.6695815199],[168.4883480358,-32.6559215199],[168.4970320358,-32.6422935199],[168.5057880358,-32.6286995199],[168.5146150358,-32.6151395199],[168.5235140359,-32.6016135199],[168.5324840359,-32.5881225198],[168.5415250359,-32.5746655198],[168.5506370359,-32.5612425198],[168.5598190359,-32.5478555198],[168.5690720359,-32.5345045198],[168.5783950359,-32.5211885198],[168.5877880359,-32.5079085198],[168.5972500359,-32.4946655198],[168.6067820359,-32.4814585197],[168.6163830359,-32.4682875197],[168.626053036,-32.4551545197],[168.635792036,-32.4420585197],[168.645600036,-32.4290005197],[168.6510333,-32.42181944],[168.65784528,-32.41792971],[168.70192731,-32.39274127],[168.74598488,-32.36753732],[168.79001799,-32.34231789],[168.83402667,-32.31708299],[168.87801094,-32.29183265],[168.92197084,-32.26656691],[168.96590637,-32.24128576],[169.00981756,-32.21598926],[169.05370444,-32.1906774],[169.09756702,-32.16535023],[169.14140533,-32.14000775],[169.1852194,-32.11465],[169.19986867,-32.10614104],[169.2436111,-32.08071389],[169.26079375,-32.07071978],[169.3045053,-32.04527502],[169.34819267,-32.01981511],[169.39185588,-31.99434004],[169.43549494,-31.96884987],[169.47910989,-31.94334459],[169.52270074,-31.91782424],[169.56626752,-31.89228885],[169.60981026,-31.86673842],[169.65332896,-31.841173],[169.69682367,-31.81559259],[169.7402944,-31.78999722],[169.76314603,-31.7765312],[169.8065808,-31.75091378],[169.84999166,-31.72528147],[169.89337861,-31.69963427],[169.9367417,-31.67397222],[169.95946502,-31.66051305],[170.00279171,-31.63482833],[170.04609458,-31.60912881],[170.08937366,-31.58341451],[170.13262897,-31.55768546],[170.17586053,-31.53194169],[170.21906838,-31.5061832],[170.26225253,-31.48041003],[170.30541301,-31.4546222],[170.34854983,-31.42881973],[170.39166303,-31.40300264],[170.43475262,-31.37717095],[170.47781864,-31.3513247],[170.5208611,-31.32546389],[170.53223487,-31.31867159],[170.57534306,-31.29290974],[170.6184278,-31.26713333],[170.63213173,-31.2585935],[170.67461004,-31.23210331],[170.71706466,-31.20559898],[170.7594956,-31.17908054],[170.80190289,-31.15254802],[170.84428655,-31.12600143],[170.88664661,-31.09944079],[170.9289831,-31.07286613],[170.97129605,-31.04627747],[171.01358546,-31.01967484],[171.05585138,-30.99305825],[171.09809383,-30.96642773],[171.14031283,-30.93978329],[171.18250841,-30.91312497],[171.2246806,-30.88645278],[171.2272370384,-30.8859215183],[171.2446980384,-30.8823305183],[171.2621770384,-30.8788065183],[171.2796740384,-30.8753495182],[171.2971870384,-30.8719605182],[171.3147180385,-30.8686385182],[171.3322640385,-30.8653855182],[171.3498270385,-30.8621995182],[171.3674060385,-30.8590805182],[171.3850000385,-30.8560305182],[171.4026090385,-30.8530475182],[171.4202330386,-30.8501325182],[171.4378710386,-30.8472865182],[171.4555230386,-30.8445075182],[171.4731900386,-30.8417975182],[171.4908690386,-30.8391555182],[171.5085610386,-30.8365815182],[171.5262670387,-30.8340755182],[171.5439840387,-30.8316375182],[171.5617140387,-30.8292685182],[171.5794550387,-30.8269685182],[171.5972070387,-30.8247355182],[171.6149710387,-30.8225725182],[171.6327450388,-30.8204765182],[171.6505290388,-30.8184505182],[171.6683240388,-30.8164925182],[171.6861280388,-30.8146035182],[171.7039410388,-30.8127825182],[171.7217630388,-30.8110305182],[171.7395940389,-30.8093475182],[171.7574330389,-30.8077335182],[171.7752800389,-30.8061875182],[171.7931340389,-30.8047115182],[171.8109960389,-30.8033035182],[171.8288640389,-30.8019645182],[171.846739039,-30.8006945182],[171.864620039,-30.7994945182],[171.882507039,-30.7983625182],[171.900400039,-30.7972995182],[171.918297039,-30.7963055182],[171.936200039,-30.7953805182],[171.9541060391,-30.7945255182],[171.9720170391,-30.7937385182],[171.9899320391,-30.7930205182],[172.0078500391,-30.7923725182],[172.0257710391,-30.7917935182],[172.0436950391,-30.7912835182],[172.0616210392,-30.7908425182],[172.0795490392,-30.7904705182],[172.0974790392,-30.7901675182],[172.1154110392,-30.7899345182],[172.1333430392,-30.7897705182],[172.1512760392,-30.7896755182],[172.1692090393,-30.7896495182],[172.1871420393,-30.7896925182],[172.2050750393,-30.7898045182],[172.2230070393,-30.7899865182],[172.2409380393,-30.7902375182],[172.2588670393,-30.7905575182],[172.2767950394,-30.7909465182],[172.2947210394,-30.7914045182],[172.3126440394,-30.7919325182],[172.3305640394,-30.7925285182],[172.3484820394,-30.7931945182],[172.3663950394,-30.7939295182],[172.3843050395,-30.7947335182],[172.4022110395,-30.7956065182],[172.4201120395,-30.7965485182],[172.4380090395,-30.7975595182],[172.4559000395,-30.7986395182],[172.4737850395,-30.7997885182],[172.4916650396,-30.8010075182],[172.5095380396,-30.8022945182],[172.5274050396,-30.8036505182],[172.5452650396,-30.8050755182],[172.5631170396,-30.8065695182],[172.5809620396,-30.8081315182],[172.5987990397,-30.8097635182],[172.6166280397,-30.8114635182],[172.6344480397,-30.8132325182],[172.6522590397,-30.8150705182],[172.6700600397,-30.8169775182],[172.6878520397,-30.8189525182],[172.7056340398,-30.8209965182],[172.7234060398,-30.8231085182],[172.7411660398,-30.8252895182],[172.7589160398,-30.8275385182],[172.7766540398,-30.8298565182],[172.7943810398,-30.8322435182],[172.8120950398,-30.8346975182],[172.8297970399,-30.8372205182],[172.8474860399,-30.8398115182],[172.8651630399,-30.8424715182],[172.8828250399,-30.8451985182],[172.9004740399,-30.8479945182],[172.9181090399,-30.8508585182],[172.93572904,-30.8537895182],[172.95333404,-30.8567895182],[172.97092504,-30.8598565182],[172.98849904,-30.8629925182],[173.00605804,-30.8661955182],[173.02360104,-30.8694665182],[173.0411270401,-30.8728045182],[173.0586360401,-30.8762105182],[173.0761280401,-30.8796845183],[173.0936030401,-30.8832255183],[173.1110590401,-30.8868335183],[173.1284980401,-30.8905095183],[173.1459180402,-30.8942515183],[173.1633190402,-30.8980615183],[173.1807000402,-30.9019395183],[173.1980620402,-30.9058835183],[173.2154050402,-30.9098945183],[173.2327260402,-30.9139715183],[173.2500280403,-30.9181165183],[173.2673080403,-30.9223275183],[173.2845670403,-30.9266055183],[173.3018050403,-30.9309505183],[173.3190210403,-30.9353615183],[173.3362140403,-30.9398385183],[173.3533850404,-30.9443815183],[173.3705320404,-30.9489915183],[173.3876570404,-30.9536675183],[173.4047580404,-30.9584095183],[173.4218350404,-30.9632165183],[173.4388870404,-30.9680905183],[173.4559150404,-30.9730295183],[173.4729190405,-30.9780345183],[173.4898960405,-30.9831045183],[173.5068490405,-30.9882405184],[173.5237750405,-30.9934415184],[173.5406750405,-30.9987085184],[173.5575480405,-31.0040395184],[173.5743950406,-31.0094355184],[173.5912140406,-31.0148975184],[173.6080060406,-31.0204235184],[173.6247690406,-31.0260145184],[173.6415050406,-31.0316695184],[173.6582120406,-31.0373895184],[173.6748890407,-31.0431745184],[173.6915380407,-31.0490225184],[173.7081570407,-31.0549355184],[173.7247460407,-31.0609125184],[173.7413050407,-31.0669525184],[173.7578340407,-31.0730575184],[173.7743310407,-31.0792255184],[173.7907980408,-31.0854575184],[173.8072320408,-31.0917525184],[173.8236350408,-31.0981105185],[173.8400060408,-31.1045325185],[173.8563450408,-31.1110165185],[173.8726500408,-31.1175645185],[173.8889220409,-31.1241745185],[173.9051610409,-31.1308475185],[173.9213660409,-31.1375835185],[173.9375370409,-31.1443815185],[173.9550100409,-31.1479195185],[173.9724650409,-31.1515255185],[173.9899020409,-31.1551975185],[174.007321041,-31.1589365185],[174.024720041,-31.1627425185],[174.042101041,-31.1666145185],[174.059462041,-31.1705535185],[174.076802041,-31.1745595185],[174.094123041,-31.1786315185],[174.1114230411,-31.1827695185],[174.1287030411,-31.1869745185],[174.1459610411,-31.1912455185],[174.1631970411,-31.1955825185],[174.1804120411,-31.1999855185],[174.1976050411,-31.2044545186],[174.2147740412,-31.2089895186],[174.2319210412,-31.2135905186],[174.2490450412,-31.2182565186],[174.2661450412,-31.2229885186],[174.2832220412,-31.2277865186],[174.3002740412,-31.2326495186],[174.3173020413,-31.2375775186],[174.3343040413,-31.2425715186],[174.3512820413,-31.2476295186],[174.3682340413,-31.2527535186],[174.3851600413,-31.2579425186],[174.4020600413,-31.2631955186],[174.4189330413,-31.2685145186],[174.4357800414,-31.2738965186],[174.4525990414,-31.2793445186],[174.4693910414,-31.2848565186],[174.4861550414,-31.2904325186],[174.5028910414,-31.2960725186],[174.5195990414,-31.3017775186],[174.5362770415,-31.3075455186],[174.5529270415,-31.3133775187],[174.5695470415,-31.3192735187],[174.5861370415,-31.3252335187],[174.6026970415,-31.3312565187],[174.6192260415,-31.3373435187],[174.6357250415,-31.3434935187],[174.6521930416,-31.3497065187],[174.6686290416,-31.3559835187],[174.6850340416,-31.3623225187],[174.7014060416,-31.3687245187],[174.7177470416,-31.3751885187],[174.7340540416,-31.3817165187],[174.7503280417,-31.3883055187],[174.7665690417,-31.3949575187],[174.7827770417,-31.4016725187],[174.7989500417,-31.4084485187],[174.8150890417,-31.4152865188],[174.8311940417,-31.4221865188],[174.8472630417,-31.4291485188],[174.8632980418,-31.4361715188],[174.8792960418,-31.4432555188],[174.8952590418,-31.4504015188],[174.9111860418,-31.4576085188],[174.9270760418,-31.4648765188],[174.9429290418,-31.4722045188],[174.9587450418,-31.4795945188],[174.9745240419,-31.4870445188],[174.9902650419,-31.4945545188],[175.0059670419,-31.5021245188],[175.0216320419,-31.5097555188],[175.0372570419,-31.5174465188],[175.0528440419,-31.5251965189],[175.068391042,-31.5330065189],[175.083898042,-31.5408755189],[175.099366042,-31.5488045189],[175.114793042,-31.5567925189],[175.130180042,-31.5648395189],[175.145526042,-31.5729455189],[175.160830042,-31.5811105189],[175.1760930421,-31.5893335189],[175.1914180421,-31.5974935189],[175.2067020421,-31.6057125189],[175.2219440421,-31.6139895189],[175.2371430421,-31.6223255189],[175.2523000421,-31.630718519],[175.2674140421,-31.639170519],[175.2824860422,-31.647680519],[175.2975140422,-31.656247519],[175.3124980422,-31.664872519],[175.3274380422,-31.673554519],[175.3423340422,-31.682293519],[175.3571860422,-31.691089519],[175.3719920422,-31.699942519],[175.3867540422,-31.708852519],[175.4014700423,-31.717818519],[175.4161400423,-31.726841519],[175.4307640423,-31.735920519],[175.4453420423,-31.7450545191],[175.4598730423,-31.7542455191],[175.4743570423,-31.7634915191],[175.4887940423,-31.7727925191],[175.5031830424,-31.7821495191],[175.5175250424,-31.7915615191],[175.5318180424,-31.8010275191],[175.5460630424,-31.8105495191],[175.5602590424,-31.8201245191],[175.5744060424,-31.8297545191],[175.5885040424,-31.8394395191],[175.6025520424,-31.8491775192],[175.6165510425,-31.8589685192],[175.6304990425,-31.8688145192],[175.6443960425,-31.8787135192],[175.6582430425,-31.8886645192],[175.6720390425,-31.8986695192],[175.6857840425,-31.9087275192],[175.6994770425,-31.9188375192],[175.7131180426,-31.9289995192],[175.7267070426,-31.9392145192],[175.7402430426,-31.9494815192],[175.7537270426,-31.9597995193],[175.7671580426,-31.9701695193],[175.7805350426,-31.9805905193],[175.7938590426,-31.9910635193],[175.8071290426,-32.0015865193],[175.8203440427,-32.0121605193],[175.8335050427,-32.0227855193],[175.8474260427,-32.0289735193],[175.8630440427,-32.0359665193],[175.8786270427,-32.0430175193],[175.8941760427,-32.0501255193],[175.9096890427,-32.0572915193],[175.9251660427,-32.0645145194],[175.9406080428,-32.0717955194],[175.9560140428,-32.0791325194],[175.9713830428,-32.0865275194],[175.9867150428,-32.0939795194],[176.0020110428,-32.1014875194],[176.0172690428,-32.1090525194],[176.0324890428,-32.1166735194],[176.0476720429,-32.1243515194],[176.0628170429,-32.1320855194],[176.0779230429,-32.1398755194],[176.0929900429,-32.1477215194],[176.1080190429,-32.1556225194],[176.1230080429,-32.1635795194],[176.1379570429,-32.1715925195],[176.152867043,-32.1796605195],[176.167737043,-32.1877835195],[176.182566043,-32.1959615195],[176.197354043,-32.2041935195],[176.212102043,-32.2124815195],[176.228228043,-32.2196315195],[176.244319043,-32.2268425195],[176.2603720431,-32.2341145195],[176.2763880431,-32.2414475195],[176.2923670431,-32.2488415195],[176.3083080431,-32.2562965195],[176.3242100431,-32.2638115195],[176.3400750431,-32.2713865195],[176.3559000432,-32.2790225196],[176.3716870432,-32.2867185196],[176.3874340432,-32.2944745196],[176.4031410432,-32.3022905196],[176.4188090432,-32.3101655196],[176.4344360432,-32.3181005196],[176.4500220432,-32.3260945196],[176.4655680433,-32.3341475196],[176.4810720433,-32.3422605196],[176.4965350433,-32.3504315196],[176.5119560433,-32.3586615196],[176.5273340433,-32.3669495196],[176.5426700433,-32.3752965196],[176.5579640433,-32.3837015197],[176.5732140434,-32.3921645197],[176.5884210434,-32.4006855197],[176.6035840434,-32.4092645197],[176.6187030434,-32.4179015197],[176.6337770434,-32.4265945197],[176.6488070434,-32.4353455197],[176.6637920434,-32.4441535197],[176.6787320435,-32.4530185197],[176.6936260435,-32.4619405197],[176.7084750435,-32.4709185197],[176.7232770435,-32.4799525197],[176.7380320435,-32.4890435198],[176.7527410435,-32.4981895198],[176.7674030435,-32.5073925198],[176.7820170435,-32.5166505198],[176.7965840436,-32.5259635198],[176.8111030436,-32.5353325198],[176.8255740436,-32.5447565198],[176.8399950436,-32.5542355198],[176.8543690436,-32.5637685198],[176.8686920436,-32.5733565198],[176.8829670436,-32.5829995198],[176.8971920437,-32.5926955198],[176.9113660437,-32.6024465199],[176.9254910437,-32.6122505199],[176.9395640437,-32.6221085199],[176.9535870437,-32.6320195199],[176.9675590437,-32.6419835199],[176.9814790437,-32.6520015199],[176.9953470437,-32.6620715199],[177.0091630438,-32.6721945199],[177.0229270438,-32.6823695199],[177.0366380438,-32.6925965199],[177.0502970438,-32.7028765199],[177.0639020438,-32.71320752],[177.0774530438,-32.72359052],[177.0909510438,-32.73402452],[177.1043950438,-32.74450952],[177.1177840439,-32.75504552],[177.1325080439,-32.76403152],[177.1471850439,-32.77307252],[177.1618170439,-32.78216752],[177.1764020439,-32.79131852],[177.1909400439,-32.80052352],[177.2054310439,-32.80978352],[177.219874044,-32.8190985201],[177.234270044,-32.8284665201],[177.248617044,-32.8378895201],[177.262916044,-32.8473665201],[177.277167044,-32.8568965201],[177.291369044,-32.8664795201],[177.305521044,-32.8761165201],[177.319624044,-32.8858065201],[177.3336770441,-32.8955495201],[177.3476800441,-32.9053455201],[177.3616330441,-32.9151935201],[177.3755350441,-32.9250935202],[177.3893870441,-32.9350465202],[177.4031870441,-32.9450515202],[177.4169350441,-32.9551075202],[177.4306320442,-32.9652155202],[177.4442770442,-32.9753755202],[177.4578690442,-32.9855855202],[177.4714090442,-32.9958475202],[177.4848950442,-33.0061595202],[177.4983290442,-33.0165225202],[177.5117090442,-33.0269355203],[177.5250360442,-33.0373995203],[177.5383080443,-33.0479125203],[177.5515270443,-33.0584755203],[177.5646900443,-33.0690885203],[177.5777990443,-33.0797505203],[177.5908530443,-33.0904625203],[177.6038510443,-33.1012225203],[177.6167940443,-33.1120315203],[177.6296810443,-33.1228895203],[177.6425120443,-33.1337945204],[177.6552860444,-33.1447485204],[177.6680030444,-33.1557505204],[177.6806640444,-33.1668005204],[177.6932670444,-33.1778975204],[177.7058130444,-33.1890415204],[177.7183010444,-33.2002325204],[177.7307310444,-33.2114705204],[177.7431020444,-33.2227555204],[177.7554150445,-33.2340865204],[177.7676690445,-33.2454635205],[177.7798650445,-33.2568865205],[177.7920000445,-33.2683555205],[177.8040760445,-33.2798695205],[177.8156190445,-33.2909135205],[177.8271080445,-33.3019995205],[177.8385410445,-33.3131265205],[177.8499180445,-33.3242935205],[177.8612400446,-33.3355025205],[177.8725060446,-33.3467515205],[177.8837160446,-33.3580415206],[177.8948700446,-33.3693715206],[177.9059670446,-33.3807415206],[177.9170070446,-33.3921505206],[177.9279900446,-33.4036005206],[177.9389160446,-33.4150885206],[177.9497840446,-33.4266165206],[177.9639710446,-33.4360245206],[177.9781100447,-33.4454845206],[177.9922000447,-33.4549965206],[178.0062420447,-33.4645605207],[178.0202350447,-33.4741755207],[178.0341790447,-33.4838425207],[178.0480740447,-33.4935605207],[178.0619190447,-33.5033305207],[178.0757140448,-33.5131505207],[178.0894590448,-33.5230225207],[178.1031530448,-33.5329445207],[178.1167970448,-33.5429165207],[178.1303900448,-33.5529385207],[178.1439310448,-33.5630115208],[178.1574210448,-33.5731335208],[178.1708590448,-33.5833055208],[178.1842440449,-33.5935265208],[178.1975780449,-33.6037975208],[178.2108590449,-33.6141175208],[178.2240870449,-33.6244855208],[178.2372610449,-33.6349035208],[178.2503830449,-33.6453685208],[178.2634500449,-33.6558825208],[178.2764640449,-33.6664445208],[178.289423045,-33.6770545209],[178.302328045,-33.6877125209],[178.315178045,-33.6984175209],[178.327973045,-33.7091695209],[178.340713045,-33.7199695209],[178.353397045,-33.7308155209],[178.366025045,-33.7417085209],[178.378597045,-33.7526475209],[178.391113045,-33.7636335209],[178.4035730451,-33.7746655209],[178.4159750451,-33.785742521],[178.4283200451,-33.796865521],[178.4411680451,-33.807656521],[178.4539590451,-33.818494521],[178.4666940451,-33.829379521],[178.4793740451,-33.840311521],[178.4919960451,-33.851290521],[178.5045620452,-33.862316521],[178.5170710452,-33.873387521],[178.5295220452,-33.884505521],[178.5419160452,-33.8956695211],[178.5542520452,-33.9068785211],[178.5665300452,-33.9181335211],[178.5787500452,-33.9294335211],[178.5909110452,-33.9407785211],[178.6030130452,-33.9521685211],[178.6150570453,-33.9636025211],[178.6270400453,-33.9750815211],[178.6389650453,-33.9866045211],[178.6508290453,-33.9981715212],[178.6626330453,-34.0097825212],[178.6743770453,-34.0214365212],[178.6860610453,-34.0331335212],[178.6976830453,-34.0448735212],[178.7092440453,-34.0566565212],[178.7207440454,-34.0684825212],[178.7321830454,-34.0803505212],[178.7435590454,-34.0922605212],[178.7548740454,-34.1042125213],[178.7661260454,-34.1162065213],[178.7773160454,-34.1282415213],[178.7884420454,-34.1403175213],[178.7995060454,-34.1524345213],[178.8105070454,-34.1645925213],[178.8214440454,-34.1767915213],[178.8323170455,-34.1890295213],[178.8431260455,-34.2013085213],[178.8538710455,-34.2136265214],[178.8645520455,-34.2259845214],[178.8751670455,-34.2383825214],[178.8933400455,-34.2408265214],[178.9115000455,-34.2433365214],[178.9296470455,-34.2459135214],[178.9477810456,-34.2485565214],[178.9659010456,-34.2512655214],[178.9840080456,-34.2540405214],[179.0021000456,-34.2568815214],[179.0201780456,-34.2597895214],[179.0382400456,-34.2627625214],[179.0562880457,-34.2658015214],[179.0743190457,-34.2689065214],[179.0923350457,-34.2720775214],[179.1103350457,-34.2753135214],[179.1283180457,-34.2786155214],[179.1462840457,-34.2819835214],[179.1642320458,-34.2854165214],[179.1821630458,-34.2889155214],[179.2000770458,-34.2924795214],[179.2179710458,-34.2961095214],[179.2358470458,-34.2998035214],[179.2537050458,-34.3035635214],[179.2715430459,-34.3073895214],[179.2893610459,-34.3112795214],[179.3071590459,-34.3152345215],[179.3249370459,-34.3192545215],[179.3407480459,-34.3225395215],[179.3565450459,-34.3258745215],[179.372326046,-34.3292605215],[179.3558290459,-34.3220605215],[179.3393740459,-34.3147935215],[179.3229630459,-34.3074625214],[179.3065960459,-34.3000655214],[179.2902740459,-34.2926045214],[179.2739960459,-34.2850775214],[179.2577630459,-34.2774865214],[179.2415750458,-34.2698315214],[179.2254340458,-34.2621125214],[179.2093380458,-34.2543285214],[179.1932890458,-34.2464815214],[179.1772870458,-34.2385695214],[179.1613320458,-34.2305955214],[179.1454240457,-34.2225575214],[179.1295650457,-34.2144565214],[179.1137540457,-34.2062925213],[179.0979920457,-34.1980655213],[179.0822780457,-34.1897765213],[179.0666140457,-34.1814245213],[179.0510000457,-34.1730115213],[179.0354360456,-34.1645355213],[179.0199230456,-34.1559985213],[179.0044600456,-34.1473995213],[178.9890480456,-34.1387395213],[178.9736880456,-34.1300175213],[178.9583800456,-34.1212355213],[178.9431240456,-34.1123925213],[178.9279200455,-34.1034885213],[178.9127700455,-34.0945255212],[178.8976720455,-34.0855015212],[178.8826290455,-34.0764175212],[178.8676390455,-34.0672745212],[178.8527030455,-34.0580715212],[178.8378220455,-34.0488095212],[178.8229950454,-34.0394885212],[178.8082240454,-34.0301085212],[178.7935090454,-34.0206695212],[178.7788490454,-34.0111725212],[178.7642450454,-34.0016175212],[178.7496980454,-33.9920055212],[178.7352080454,-33.9823345211],[178.7207750454,-33.9726065211],[178.7064000453,-33.9628215211],[178.6920820453,-33.9529795211],[178.6778220453,-33.9430805211],[178.6636210453,-33.9331245211],[178.6494790453,-33.9231125211],[178.6353950453,-33.9130455211],[178.6213710453,-33.9029215211],[178.6074060452,-33.8927425211],[178.5935020452,-33.882507521],[178.5796570452,-33.872217521],[178.5658740452,-33.861873521],[178.5521510452,-33.851473521],[178.5384890452,-33.841020521],[178.5248890452,-33.830512521],[178.5113500452,-33.819950521],[178.4978730451,-33.809335521],[178.4844590451,-33.798666521],[178.4711070451,-33.787944521],[178.4578190451,-33.7771695209],[178.4445930451,-33.7663425209],[178.4314310451,-33.7554625209],[178.4183320451,-33.7445305209],[178.4052980451,-33.7335465209],[178.392328045,-33.7225105209],[178.379422045,-33.7114235209],[178.366581045,-33.7002855209],[178.353806045,-33.6890965209],[178.341095045,-33.6778565209],[178.328451045,-33.6665665208],[178.315872045,-33.6552265208],[178.303359045,-33.6438365208],[178.290913045,-33.6323975208],[178.2785340449,-33.6209085208],[178.2662210449,-33.6093705208],[178.2539760449,-33.5977835208],[178.2417980449,-33.5861485208],[178.2296880449,-33.5744655208],[178.2176460449,-33.5627345208],[178.2056720449,-33.5509555207],[178.1937670449,-33.5391285207],[178.1819300449,-33.5272545207],[178.1701620448,-33.5153345207],[178.1584630448,-33.5033675207],[178.1468340448,-33.4913535207],[178.1352750448,-33.4792945207],[178.1237850448,-33.4671895207],[178.1123660448,-33.4550385206],[178.1010170448,-33.4428425206],[178.0897380448,-33.4306015206],[178.0785310448,-33.4183165206],[178.0673940447,-33.4059865206],[178.0563290447,-33.3936125206],[178.0453350447,-33.3811945206],[178.0344130447,-33.3687325206],[178.0235630447,-33.3562285206],[178.0127850447,-33.3436805205],[178.0020790447,-33.3310905205],[177.9914460447,-33.3184575205],[177.9808860447,-33.3057835205],[177.9703980447,-33.2930665205],[177.9599840446,-33.2803085205],[177.9496440446,-33.2675095205],[177.9393770446,-33.2546695205],[177.9291830446,-33.2417885205],[177.9190640446,-33.2288675204],[177.9090190446,-33.2159065204],[177.8990490446,-33.2029055204],[177.8891530446,-33.1898655204],[177.8793310446,-33.1767855204],[177.8695850446,-33.1636675204],[177.8599140446,-33.1505105204],[177.8503180445,-33.1373145204],[177.8407980445,-33.1240815203],[177.8313540445,-33.1108105203],[177.8219850445,-33.0975025203],[177.8126920445,-33.0841575203],[177.8034760445,-33.0707755203],[177.7943360445,-33.0573565203],[177.7852730445,-33.0439025203],[177.7762860445,-33.0304115203],[177.7673610445,-33.0168855202],[177.7585130445,-33.0033235202],[177.7497430444,-32.9897275202],[177.7410500444,-32.9760965202],[177.7324340444,-32.9624305202],[177.7238960444,-32.9487305202],[177.7154360444,-32.9349965202],[177.7070550444,-32.9212295202],[177.6987510444,-32.9074295201],[177.6905260444,-32.8935965201],[177.6823790444,-32.8797315201],[177.6743110444,-32.8658335201],[177.6663220444,-32.8519035201],[177.6584120444,-32.8379425201],[177.6505800444,-32.8239495201],[177.6428290443,-32.80992652],[177.6351560443,-32.79587252],[177.6275630443,-32.78178752],[177.6200500443,-32.76767352],[177.6126160443,-32.75352852],[177.6052620443,-32.73935552],[177.5979880443,-32.72515252],[177.5907950443,-32.71092152],[177.5836820443,-32.6966615199],[177.5766490443,-32.6823735199],[177.5696960443,-32.6680575199],[177.5628240443,-32.6537145199],[177.5560330443,-32.6393435199],[177.5493230443,-32.6249465199],[177.5426940443,-32.6105225199],[177.5361460442,-32.5960725198],[177.5296790442,-32.5815975198],[177.5232930442,-32.5670955198],[177.5169880442,-32.5525695198],[177.5107650442,-32.5380175198],[177.5046240442,-32.5234415198],[177.4985640442,-32.5088415198],[177.4925860442,-32.4942175198],[177.4866900442,-32.4795695197],[177.4808760442,-32.4648985197],[177.4751440442,-32.4502045197],[177.4694940442,-32.4354875197],[177.4639260442,-32.4207485197],[177.4584410442,-32.4059875197],[177.4530380442,-32.3912055197],[177.4477170442,-32.3764015196],[177.4424790442,-32.3615765196],[177.4373240442,-32.3467305196],[177.4322510442,-32.3318645196],[177.4272600441,-32.3169785196],[177.4223530441,-32.3020735196],[177.4175290441,-32.2871485196],[177.4127870441,-32.2722045195],[177.4081290441,-32.2572415195],[177.4035530441,-32.2422605195],[177.3990610441,-32.2272615195],[177.3946520441,-32.2122445195],[177.3903260441,-32.1972105195],[177.3860830441,-32.1821595195],[177.3819240441,-32.1670915195],[177.3778480441,-32.1520075194],[177.3738560441,-32.1369065194],[177.3699470441,-32.1217905194],[177.3661210441,-32.1066595194],[177.3623800441,-32.0915135194],[177.3587210441,-32.0763515194],[177.3551470441,-32.0611765194],[177.3516560441,-32.0459865193],[177.3482490441,-32.0307835193],[177.3449250441,-32.0155665193],[177.3416860441,-32.0003365193],[177.3385300441,-31.9850945193],[177.3354580441,-31.9698395193],[177.3324700441,-31.9545725193],[177.3295660441,-31.9392935192],[177.3267450441,-31.9240035192],[177.3240090441,-31.9087015192],[177.321356044,-31.8933905192],[177.318788044,-31.8780675192],[177.316303044,-31.8627355192],[177.313903044,-31.8473935192],[177.311586044,-31.8320415191],[177.309354044,-31.8166805191],[177.307205044,-31.8013115191],[177.305141044,-31.7859335191],[177.303160044,-31.7705485191],[177.301264044,-31.7551545191],[177.299452044,-31.7397535191],[177.297723044,-31.724345519],[177.296079044,-31.708930519],[177.294518044,-31.693509519],[177.293042044,-31.678082519],[177.291649044,-31.662649519],[177.290341044,-31.647211519],[177.289117044,-31.631767519],[177.287976044,-31.6163195189],[177.286919044,-31.6008675189],[177.285947044,-31.5854105189],[177.285058044,-31.5699505189],[177.284253044,-31.5544865189],[177.283532044,-31.5390195189],[177.282895044,-31.5235505189],[177.282341044,-31.5080785188],[177.281871044,-31.4926045188],[177.281485044,-31.4771285188],[177.281183044,-31.4616515188],[177.280964044,-31.4461735188],[177.280829044,-31.4306945188],[177.280778044,-31.4152155188],[177.280810044,-31.3997355187],[177.280926044,-31.3842565187],[177.281125044,-31.3687785187],[177.281407044,-31.3533005187],[177.281773044,-31.3378245187],[177.282222044,-31.3223495187],[177.282755044,-31.3068765186],[177.283370044,-31.2914055186],[177.284069044,-31.2759375186],[177.284851044,-31.2604725186],[177.285716044,-31.2450105186],[177.286664044,-31.2295515186],[177.287695044,-31.2140975186],[177.288809044,-31.1986475185],[177.290005044,-31.1832015185],[177.291284044,-31.1677605185],[177.292646044,-31.1523245185],[177.294091044,-31.1368945185],[177.295618044,-31.1214705185],[177.297228044,-31.1060525185],[177.298919044,-31.0906405184],[177.300694044,-31.0752365184],[177.302550044,-31.0598385184],[177.304489044,-31.0444485184],[177.306510044,-31.0290665184],[177.308612044,-31.0136925184],[177.310797044,-30.9983265184],[177.313063044,-30.9829695183],[177.315411044,-30.9676225183],[177.317841044,-30.9522835183],[177.320353044,-30.9369555183],[177.3229460441,-30.9216365183],[177.3256200441,-30.9063295183],[177.3283750441,-30.8910315183],[177.3312120441,-30.8757455182],[177.3341300441,-30.8604705182],[177.3371280441,-30.8452075182],[177.3402080441,-30.8299565182],[177.3433680441,-30.8147185182],[177.3466090441,-30.7994925182],[177.3499310441,-30.7842795182],[177.3533330441,-30.7690795181],[177.3568160441,-30.7538935181],[177.3603780441,-30.7387215181],[177.3640210441,-30.7235635181],[177.3677440441,-30.7084205181],[177.3715470441,-30.6932915181],[177.3754290441,-30.6781785181],[177.3793910441,-30.663081518],[177.3834330441,-30.647999518],[177.3875540441,-30.632933518],[177.3917550441,-30.617884518],[177.3960340441,-30.602852518],[177.4003930441,-30.587837518],[177.4048310441,-30.572839518],[177.4093470441,-30.557859518],[177.4139420441,-30.5428975179],[177.4186160441,-30.5279535179],[177.4233680441,-30.5130285179],[177.4281980441,-30.4981225179],[177.4331070442,-30.4832365179],[177.4380930442,-30.4683695179],[177.4431580442,-30.4535225179],[177.4483000442,-30.4386955178],[177.4535190442,-30.4238895178],[177.4588160442,-30.4091035178],[177.4641910442,-30.3943395178],[177.4696420442,-30.3795965178],[177.4751700442,-30.3648755178],[177.4807760442,-30.3501765178],[177.4864580442,-30.3354995177],[177.4922160442,-30.3208455177],[177.4980510442,-30.3062145177],[177.5039630442,-30.2916075177],[177.5099500442,-30.2770235177],[177.5160130442,-30.2624625177],[177.5221520442,-30.2479265177],[177.5283670442,-30.2334155176],[177.5346570442,-30.2189285176],[177.5410220443,-30.2044675176],[177.5474620443,-30.1900305176],[177.5539780443,-30.1756205176],[177.5605680443,-30.1612355176],[177.5672330443,-30.1468775176],[177.5739720443,-30.1325455176],[177.5807860443,-30.1182415175],[177.5876730443,-30.1039635175],[177.5946350443,-30.0897135175],[177.6016700443,-30.0754915175],[177.6087790443,-30.0612965175],[177.6159620443,-30.0471305175],[177.6232180443,-30.0329935175],[177.6262180443,-30.0177975174],[177.6292970443,-30.0026145174],[177.6324560443,-29.9874425174],[177.6356950443,-29.9722845174],[177.6390120443,-29.9571395174],[177.6424090443,-29.9420065174],[177.6458850444,-29.9268885174],[177.6494390444,-29.9117845174],[177.6530730444,-29.8966935173],[177.6567850444,-29.8816185173],[177.6605750444,-29.8665575173],[177.6644440444,-29.8515125173],[177.6683920444,-29.8364825173],[177.6724180444,-29.8214685173],[177.6765210444,-29.8064705173],[177.6807030444,-29.7914895172],[177.6849630444,-29.7765245172],[177.6893000444,-29.7615775172],[177.6937150444,-29.7466475172],[177.6982070444,-29.7317355172],[177.7027770444,-29.7168415172],[177.7074240444,-29.7019655172],[177.7121490444,-29.6871085171],[177.7169500444,-29.6722695171],[177.7218280444,-29.6574505171],[177.7267820444,-29.6426515171],[177.7318140444,-29.6278725171],[177.7369210444,-29.6131125171],[177.7421060444,-29.5983735171],[177.7473660444,-29.583655517],[177.7527020445,-29.568958517],[177.7581140445,-29.554283517],[177.7636020445,-29.539629517],[177.7691650445,-29.524997517],[177.7746620445,-29.510711517],[177.7802310445,-29.496445517],[177.7858720445,-29.4822025169],[177.7915850445,-29.4679805169],[177.7973690445,-29.4537815169],[177.8032240445,-29.4396055169],[177.8091510445,-29.4254525169],[177.8151490445,-29.4113225169],[177.8212180445,-29.3972155169],[177.8273570445,-29.3831325169],[177.8335680445,-29.3690735168],[177.8398490445,-29.3550395168],[177.8462000445,-29.3410295168],[177.8526220445,-29.3270445168],[177.8591140446,-29.3130845168],[177.8656750446,-29.2991505168],[177.8723070446,-29.2852415168],[177.8790080446,-29.2713585168],[177.8857780446,-29.2575025167],[177.8926180446,-29.2436725167],[177.8995270446,-29.2298685167],[177.9065050446,-29.2160925167],[177.9135520446,-29.2023435167],[177.9206670446,-29.1886225167],[177.9278510446,-29.1749295167],[177.9336490446,-29.1605065167],[177.9395200446,-29.1461065166],[177.9454640446,-29.1317305166],[177.9514810446,-29.1173785166],[177.9575720446,-29.1030495166],[177.9637350446,-29.0887455166],[177.9699710447,-29.0744655166],[177.9762790447,-29.0602115166],[177.9826600447,-29.0459815165],[177.9891130447,-29.0317775165],[177.9956380447,-29.0175995165],[178.0022350447,-29.0034465165],[178.0089030447,-28.9893205165],[178.0156440447,-28.9752205165],[178.0224550447,-28.9611485165],[178.0293380447,-28.9471025165],[178.0362920447,-28.9330845164],[178.0433160447,-28.9190945164],[178.0504120447,-28.9051315164],[178.0575780447,-28.8911975164],[178.0647400447,-28.8774125164],[178.0719720447,-28.8636565164],[178.0792720448,-28.8499285164],[178.0866410448,-28.8362295163],[178.0940780448,-28.8225595163],[178.1015840448,-28.8089185163],[178.1091580448,-28.7953075163],[178.1168000448,-28.7817265163],[178.1245090448,-28.7681755163],[178.1322870448,-28.7546545163],[178.1401310448,-28.7411645163],[178.1480430448,-28.7277055162],[178.1560220448,-28.7142785162],[178.1640680448,-28.7008815162],[178.1721800448,-28.6875175162],[178.1803590448,-28.6741855162],[178.1886040449,-28.6608845162],[178.1969160449,-28.6476175162],[178.2052930449,-28.6343825162],[178.2137360449,-28.6211815161],[178.2222450449,-28.6080125161],[178.2308190449,-28.5948775161],[178.2394590449,-28.5817775161],[178.2481630449,-28.5687105161],[178.2569320449,-28.5556775161],[178.2657660449,-28.5426805161],[178.2746640449,-28.5297175161],[178.2836270449,-28.5167895161],[178.292653045,-28.503896516],[178.301743045,-28.491039516],[178.310897045,-28.478218516],[178.320115045,-28.465434516],[178.329396045,-28.452685516],[178.333847045,-28.437664516],[178.338376045,-28.422660516],[178.342983045,-28.4076765159],[178.347667045,-28.3927105159],[178.352428045,-28.3777635159],[178.357266045,-28.3628365159],[178.362180045,-28.3479285159],[178.367172045,-28.3330415159],[178.372240045,-28.3181745159],[178.377385045,-28.3033285159],[178.382606045,-28.2885035158],[178.387904045,-28.2736995158],[178.393277045,-28.2589175158],[178.3987260451,-28.2441575158],[178.4042520451,-28.2294195158],[178.4098520451,-28.2147045158],[178.4155290451,-28.2000125158],[178.4212800451,-28.1853435157],[178.4271070451,-28.1706975157],[178.4330090451,-28.1560765157],[178.4389860451,-28.1414785157],[178.4450370451,-28.1269055157],[178.4511630451,-28.1123575157],[178.4573640451,-28.0978345157],[178.4636390451,-28.0833365156],[178.4699870451,-28.0688645156],[178.4764100451,-28.0544175156],[178.4829070451,-28.0399975156],[178.4894770451,-28.0256045156],[178.4961210451,-28.0112375156],[178.5028380451,-27.9968985156],[178.5096280452,-27.9825865156],[178.5164910452,-27.9683025155],[178.5234260452,-27.9540465155],[178.5304350452,-27.9398185155],[178.5375160452,-27.9256195155],[178.5446690452,-27.9114485155],[178.5518940452,-27.8973075155],[178.5591910452,-27.8831965155],[178.5665600452,-27.8691145154],[178.5740000452,-27.8550635154],[178.5815120452,-27.8410425154],[178.5890950452,-27.8270515154],[178.5967490452,-27.8130925154],[178.6044730452,-27.7991645154],[178.6122690453,-27.7852675154],[178.6201340453,-27.7714025154],[178.6280700453,-27.7575705153],[178.6360770453,-27.7437705153],[178.6441520453,-27.7300025153],[178.6522980453,-27.7162685153],[178.6605130453,-27.7025665153],[178.6687980453,-27.6888995153],[178.6771510453,-27.6752655153],[178.6855740453,-27.6616655153],[178.6940650453,-27.6481005152],[178.7026250453,-27.6345695152],[178.7112530453,-27.6210745152],[178.7199490454,-27.6076135152],[178.7287130454,-27.5941885152],[178.7375440454,-27.5807995152],[178.7464440454,-27.5674465152],[178.7554100454,-27.5541305152],[178.7644440454,-27.5408505151],[178.7735440454,-27.5276065151],[178.7827110454,-27.5144005151],[178.7919450454,-27.5012325151],[178.8012440454,-27.4881015151],[178.8106100454,-27.4750085151],[178.8200420454,-27.4619535151],[178.8295390455,-27.4489375151],[178.8391010455,-27.435960515],[178.8487290455,-27.423022515],[178.8584220455,-27.410123515],[178.8681790455,-27.397263515],[178.8780010455,-27.384444515],[178.8878870455,-27.371664515],[178.8978370455,-27.358925515],[178.9078510455,-27.346227515],[178.9179290455,-27.3335695149],[178.9280700455,-27.3209535149],[178.9382740456,-27.3083785149],[178.9485410456,-27.2958445149],[178.9588710456,-27.2833535149],[178.9692630456,-27.2709045149],[178.9797180456,-27.2584975149],[178.9902340456,-27.2461335149],[179.0008120456,-27.2338115149],[179.0114520456,-27.2215335148],[179.0221530456,-27.2092995148],[179.0329150456,-27.1971085148],[179.0437380457,-27.1849615148],[179.0546220457,-27.1728585148],[179.0655650457,-27.1608005148],[179.0765690457,-27.1487865148],[179.0876330457,-27.1368175148],[179.0987560457,-27.1248935148],[179.1099390457,-27.1130155147],[179.1211810457,-27.1011835147],[179.1324820457,-27.0893965147],[179.1438410457,-27.0776565147],[179.1552590458,-27.0659615147],[179.1667350458,-27.0543145147],[179.1782690458,-27.0427135147],[179.1898600458,-27.0311595147],[179.2015090458,-27.0196535147],[179.2132150458,-27.0081945146],[179.2249770458,-26.9967835146],[179.2367970458,-26.9854205146],[179.2486730458,-26.9741065146],[179.2606040459,-26.9628395146],[179.2725920459,-26.9516225146],[179.2846350459,-26.9404535146],[179.2967340459,-26.9293345146],[179.3088880459,-26.9182645146],[179.3210960459,-26.9072435146],[179.3333590459,-26.8962735145],[179.3456770459,-26.8853525145],[179.3580480459,-26.8744825145],[179.370473046,-26.8636625145],[179.382952046,-26.8528935145],[179.395484046,-26.8421755145],[179.408069046,-26.8315085145],[179.420706046,-26.8208925145],[179.433396046,-26.8103285145],[179.446138046,-26.7998165145],[179.458932046,-26.7893565144],[179.4717780461,-26.7789485144],[179.4846750461,-26.7685925144],[179.4976230461,-26.7582895144],[179.5106210461,-26.7480395144],[179.5236710461,-26.7378425144],[179.5367700461,-26.7276985144],[179.5499200461,-26.7176085144],[179.5631190461,-26.7075715144],[179.5763670461,-26.6975885144],[179.5896650462,-26.6876605143],[179.6030120462,-26.6777855143],[179.6164070462,-26.6679655143],[179.6298510462,-26.6582005143],[179.6433420462,-26.6484905143],[179.6568810462,-26.6388345143],[179.6704680462,-26.6292345143],[179.6841020462,-26.6196905143],[179.6977820463,-26.6102015143],[179.7115100463,-26.6007685143],[179.7252830463,-26.5913905143],[179.7391030463,-26.5820695142],[179.7529680463,-26.5728055142],[179.7668790463,-26.5635975142],[179.7808350463,-26.5544465142],[179.7948360464,-26.5453525142],[179.8088810464,-26.5363155142],[179.8229710464,-26.5273355142],[179.8371040464,-26.5184135142],[179.8512820464,-26.5095485142],[179.8655030464,-26.5007425142],[179.8796400464,-26.4920525142],[179.8938200464,-26.4834195142],[179.9080410465,-26.4748435141],[179.9223040465,-26.4663255141],[179.9366090465,-26.4578655141],[179.9509540465,-26.4494635141],[179.9653410465,-26.4411195141],[179.9797670465,-26.4328335141],[179.9940040465,-26.4247105141],[180.0000000489,-26.4213444085],[180.0087407113,-26.4164365141],[180.0232867113,-26.4083265141],[180.0378727113,-26.4002755141],[180.0524967113,-26.3922825141],[180.0671607113,-26.3843495141],[180.0818617113,-26.3764765141],[180.0966017114,-26.3686615141],[180.1113787114,-26.360907514],[180.1261937114,-26.353212514],[180.1410467114,-26.345577514],[180.1559357114,-26.338002514],[180.1708617114,-26.330488514],[180.1858237114,-26.323034514],[180.2008217115,-26.315641514],[180.2158547115,-26.308308514],[180.2309247115,-26.301036514],[180.2611677115,-26.286675514],[180.2763407115,-26.279587514],[180.2915487115,-26.272560514],[180.3067907116,-26.265595514],[180.3220657116,-26.2586915139],[180.3373747116,-26.2518495139],[180.3528217116,-26.2449875139],[180.3683027116,-26.2381895139],[180.3838167116,-26.2314545139],[180.3993627116,-26.2247815139],[180.4149417117,-26.2181735139],[180.4305527117,-26.2116285139],[180.4461947117,-26.2051465139],[180.4618687117,-26.1987295139],[180.4775747117,-26.1923755139],[180.4933107117,-26.1860855139],[180.5090767117,-26.1798605139],[180.5248737118,-26.1736995139],[180.5406997118,-26.1676025139],[180.5565567118,-26.1615705139],[180.5724417118,-26.1556035139],[180.5883557118,-26.1497005138],[180.6042987118,-26.1438635138],[180.6202697118,-26.1380905138],[180.6362687119,-26.1323835138],[180.6522957119,-26.1267415138],[180.6683487119,-26.1211645138],[180.6844297119,-26.1156535138],[180.7005377119,-26.1102075138],[180.7166717119,-26.1048275138],[180.732831712,-26.0995135138],[180.749016712,-26.0942655138],[180.765227712,-26.0890835138],[180.781463712,-26.0839675138],[180.797724712,-26.0789175138],[180.814009712,-26.0739345138],[180.830318712,-26.0690175138],[180.8466517121,-26.0641665138],[180.8630077121,-26.0593835138],[180.8793867121,-26.0546665138],[180.8957887121,-26.0500155138],[180.9122137121,-26.0454325137],[180.9286597121,-26.0409165137],[180.9451287121,-26.0364675137],[180.9616187122,-26.0320845137],[180.9781297122,-26.0277705137],[180.9946607122,-26.0235225137],[181.0112127122,-26.0193425137],[181.0277857122,-26.0152305137],[181.0443777122,-26.0111855137],[181.0609887123,-26.0072085137],[181.0776197123,-26.0032995137],[181.0942697123,-25.9994575137],[181.1109377123,-25.9956835137],[181.1276237123,-25.9919785137],[181.1443277123,-25.9883405137],[181.1610487123,-25.9847715137],[181.1777877124,-25.9812705137],[181.1945427124,-25.9778375137],[181.2113147124,-25.9744725137],[181.2281027124,-25.9711765137],[181.2449067124,-25.9679495137],[181.2617257124,-25.9647905137],[181.2785597125,-25.9616995137],[181.2954097125,-25.9586775137],[181.3122727125,-25.9557245137],[181.3291507125,-25.9528405137],[181.3460427125,-25.9500245137],[181.3629477125,-25.9472785137],[181.3798657126,-25.9446005137],[181.3967967126,-25.9419925137],[181.4137407126,-25.9394525137],[181.4306967126,-25.9369825136],[181.4476637126,-25.9345815136],[181.4646427126,-25.9322495136],[181.4816327126,-25.9299865136],[181.4986337127,-25.9277935136],[181.5156457127,-25.9256695136],[181.5326667127,-25.9236145136],[181.5496977127,-25.9216295136],[181.5667387127,-25.9197135136],[181.5837887127,-25.9178675136],[181.6008477128,-25.9160905136],[181.6179147128,-25.9143835136],[181.6349897128,-25.9127455136],[181.6520727128,-25.9111775136],[181.6691627128,-25.9096795136],[181.6862597128,-25.9082505136],[181.7033637129,-25.9068925136],[181.7204747129,-25.9056035136],[181.7375917129,-25.9043835136],[181.7547137129,-25.9032345136],[181.7718417129,-25.9021545136],[181.7889747129,-25.9011455136],[181.806111713,-25.9002055136],[181.823253713,-25.8993355136],[181.839991713,-25.8981645136],[181.856735713,-25.8970605136],[181.873484713,-25.8960235136],[181.890238713,-25.8950525136],[181.906996713,-25.8941495136],[181.9237597131,-25.8933125136],[181.9405257131,-25.8925425136],[181.9572947131,-25.8918395136],[181.9743647131,-25.8911695136],[181.9914367131,-25.8905685136],[182.0085107131,-25.8900375136],[182.0255887132,-25.8895755136],[182.0426677132,-25.8891825136],[182.0597487132,-25.8888595136],[182.0768307132,-25.8886045136],[182.0939147132,-25.8884205136],[182.1109987132,-25.8883045136],[182.1280837132,-25.8882585136],[182.1451677133,-25.8882815136],[182.1622527133,-25.8883745136],[182.1793357133,-25.8885365136],[182.1964187133,-25.8887675136],[182.2135007133,-25.8890685136],[182.2305807133,-25.8894385136],[182.2476587134,-25.8898775136],[182.2647337134,-25.8903855136],[182.2818067134,-25.8909635136],[182.2988767134,-25.8916105136],[182.3159437134,-25.8923275136],[182.3330067134,-25.8931135136],[182.3500667135,-25.8939675136],[182.3671217135,-25.8948925136],[182.3841717135,-25.8958855136],[182.4012167135,-25.8969475136],[182.4182577135,-25.8980795136],[182.4352917135,-25.8992805136],[182.4523207136,-25.9005505136],[182.4693427136,-25.9018895136],[182.4863577136,-25.9032975136],[182.5033667136,-25.9047745136],[182.5203687136,-25.9063215136],[182.5373617136,-25.9079365136],[182.5543477136,-25.9096205136],[182.5713257137,-25.9113735136],[182.5882947137,-25.9131955136],[182.6052547137,-25.9150865136],[182.6222047137,-25.9170455136],[182.6391457137,-25.9190745136],[182.6560777137,-25.9211715136],[182.6729987138,-25.9233375136],[182.6899087138,-25.9255715136],[182.7068077138,-25.9278745136],[182.7236957138,-25.9302465136],[182.7405727138,-25.9326865136],[182.7574367138,-25.9351945136],[182.7742897139,-25.9377715136],[182.7911287139,-25.9404175137],[182.8079557139,-25.9431315137],[182.8247697139,-25.9459135137],[182.8415687139,-25.9487635137],[182.8583557139,-25.9516815137],[182.8751267139,-25.9546675137],[182.891884714,-25.9577225137],[182.908626714,-25.9608445137],[182.925353714,-25.9640355137],[182.942065714,-25.9672935137],[182.958760714,-25.9706195137],[182.975440714,-25.9740125137],[182.9921037141,-25.9774745137],[183.0087497141,-25.9810035137],[183.0253777141,-25.9845995137],[183.0419897141,-25.9882635137],[183.0585827141,-25.9919945137],[183.0751577141,-25.9957935137],[183.0917147141,-25.9996585137],[183.1082527142,-26.0035915137],[183.1247717142,-26.0075915137],[183.1412707142,-26.0116585137],[183.1577507142,-26.0157925137],[183.1742097142,-26.0199935137],[183.1906487142,-26.0242605137],[183.2070667143,-26.0285945137],[183.2234637143,-26.0329955137],[183.2398397143,-26.0374625137],[183.2561937143,-26.0419965137],[183.2725247143,-26.0465965138],[183.2888347143,-26.0512625138],[183.3051217143,-26.0559945138],[183.3213847144,-26.0607925138],[183.3376247144,-26.0656575138],[183.3538417144,-26.0705875138],[183.3700347144,-26.0755835138],[183.3862027144,-26.0806445138],[183.4023457144,-26.0857715138],[183.4184647145,-26.0909645138],[183.4345577145,-26.0962215138],[183.4506257145,-26.1015445138],[183.4666677145,-26.1069335138],[183.4826827145,-26.1123865138],[183.4986727145,-26.1179045138],[183.5146347145,-26.1234875138],[183.5305697146,-26.1291355138],[183.5464767146,-26.1348475138],[183.5623567146,-26.1406245138],[183.5782077146,-26.1464655138],[183.5940307146,-26.1523705138],[183.6098247146,-26.1583405139],[183.6255897146,-26.1643735139],[183.6413257147,-26.1704705139],[183.6570317147,-26.1766325139],[183.6727077147,-26.1828565139],[183.6883537147,-26.1891455139],[183.7039687147,-26.1954975139],[183.7195527147,-26.2019125139],[183.7351047147,-26.2083905139],[183.7506267148,-26.2149315139],[183.7661157148,-26.2215355139],[183.7815727148,-26.2282025139],[183.7969967148,-26.2349325139],[183.8123887148,-26.2417245139],[183.8277477148,-26.2485785139],[183.8430727148,-26.2554955139],[183.8583637149,-26.262473514],[183.8736207149,-26.269514514],[183.8888437149,-26.276616514],[183.9040317149,-26.283780514],[183.9191857149,-26.291006514],[183.9343037149,-26.298293514],[183.9493857149,-26.305642514],[183.964432715,-26.313051514],[183.979442715,-26.320521514],[183.994416715,-26.328052514],[184.009353715,-26.335644514],[184.024253715,-26.343297514],[184.039115715,-26.351009514],[184.053940715,-26.358782514],[184.0687277151,-26.366615514],[184.0834757151,-26.3745085141],[184.0981857151,-26.3824605141],[184.1128567151,-26.3904725141],[184.1274887151,-26.3985445141],[184.1420807151,-26.4066755141],[184.1566337151,-26.4148655141],[184.1711457152,-26.4231135141],[184.1856177152,-26.4314215141],[184.2000487152,-26.4397875141],[184.2144397152,-26.4482125141],[184.2287887152,-26.4566955141],[184.2430967152,-26.4652365141],[184.2573617152,-26.4738355141],[184.2715857152,-26.4824915142],[184.2857667153,-26.4912065142],[184.2999057153,-26.4999775142],[184.3140007153,-26.5088065142],[184.3280527153,-26.5176925142],[184.3420617153,-26.5266355142],[184.3560257153,-26.5356355142],[184.3699467153,-26.5446915142],[184.3838227154,-26.5538035142],[184.3976537154,-26.5629725142],[184.4114407154,-26.5721965142],[184.4251817154,-26.5814775142],[184.4388767154,-26.5908135143],[184.4525267154,-26.6002045143],[184.4661297154,-26.6096515143],[184.4796867154,-26.6191535143],[184.4931977155,-26.6287095143],[184.5066607155,-26.6383205143],[184.5200767155,-26.6479865143],[184.5334457155,-26.6577065143],[184.5467657155,-26.6674805143],[184.5600387155,-26.6773085143],[184.5732627155,-26.6871905143],[184.5864837155,-26.6971565144],[184.5996547156,-26.7071765144],[184.6127767156,-26.7172505144],[184.6258487156,-26.7273765144],[184.6388707156,-26.7375565144],[184.6518427156,-26.7477895144],[184.6647637156,-26.7580745144],[184.6776337156,-26.7684125144],[184.6904527156,-26.7788025144],[184.7032197156,-26.7892435144],[184.7159357157,-26.7997375145],[184.7285997157,-26.8102825145],[184.7412117157,-26.8208795145],[184.7537707157,-26.8315275145],[184.7662767157,-26.8422265145],[184.7787307157,-26.8529765145],[184.7911307157,-26.8637765145],[184.8034767157,-26.8746265145],[184.8157697158,-26.8855275145],[184.8280087158,-26.8964775145],[184.8401927158,-26.9074775146],[184.8523227158,-26.9185265146],[184.8643977158,-26.9296255146],[184.8764167158,-26.9407735146],[184.8883817158,-26.9519695146],[184.9002897158,-26.9632145146],[184.9121427158,-26.9745075146],[184.9239397159,-26.9858485146],[184.9356797159,-26.9972375146],[184.9473637159,-27.0086745146],[184.9589897159,-27.0201585147],[184.9705917159,-27.0316015147],[184.9821357159,-27.0430915147],[184.9936237159,-27.0546285147],[185.0050537159,-27.0662115147],[185.0164267159,-27.0778405147],[185.027741716,-27.0895155147],[185.038998716,-27.1012365147],[185.050196716,-27.1130035147],[185.061336716,-27.1248155148],[185.072418716,-27.1366715148],[185.083440716,-27.1485735148],[185.094403716,-27.1605195148],[185.105307716,-27.1725095148],[185.116151716,-27.1845445148],[185.126935716,-27.1966225148],[185.1376597161,-27.2087445148],[185.1483237161,-27.2209095148],[185.1589257161,-27.2331175149],[185.1694677161,-27.2453685149],[185.1799487161,-27.2576615149],[185.1903687161,-27.2699975149],[185.2007267161,-27.2823755149],[185.2110227161,-27.2947955149],[185.2212567161,-27.3072565149],[185.2314287161,-27.3197595149],[185.2415377161,-27.3323035149],[185.2515847162,-27.344887515],[185.2615687162,-27.357513515],[185.2714897162,-27.370178515],[185.2813467162,-27.382884515],[185.2911407162,-27.395629515],[185.3008697162,-27.408414515],[185.3105357162,-27.421238515],[185.3201377162,-27.434101515],[185.3296747162,-27.4470035151],[185.3391477162,-27.4599435151],[185.3485547162,-27.4729225151],[185.3578977163,-27.4859395151],[185.3671747163,-27.4989935151],[185.3763857163,-27.5120855151],[185.3855317163,-27.5252135151],[185.3946117163,-27.5383795151],[185.4036257163,-27.5515825152],[185.4125737163,-27.5648205152],[185.4214547163,-27.5780955152],[185.4302687163,-27.5914065152],[185.4390157163,-27.6047525152],[185.4476957163,-27.6181345152],[185.4563087163,-27.6315505152],[185.4648537164,-27.6450015152],[185.4733307164,-27.6584875153],[185.4817397164,-27.6720075153],[185.4900807164,-27.6855615153],[185.4983537164,-27.6991485153],[185.5065587164,-27.7127695153],[185.5146937164,-27.7264235153],[185.5227607164,-27.7401095153],[185.5307577164,-27.7538295153],[185.5386857164,-27.7675805154],[185.5465447164,-27.7813635154],[185.5543337164,-27.7951785154],[185.5620527164,-27.8090255154],[185.5697017165,-27.8229025154],[185.5772807165,-27.8368105154],[185.5847897165,-27.8507495154],[185.5922277165,-27.8647185154],[185.5995947165,-27.8787175155],[185.6068907165,-27.8927465155],[185.6141157165,-27.9068045155],[185.6212697165,-27.9208915155],[185.6283517165,-27.9350075155],[185.6353627165,-27.9491525155],[185.6423007165,-27.9633245155],[185.6491677165,-27.9775255155],[185.6559627165,-27.9917535156],[185.6626847165,-28.0060095156],[185.6693347165,-28.0202925156],[185.6759117166,-28.0346015156],[185.6824157166,-28.0489375156],[185.6888477166,-28.0632995156],[185.6952057166,-28.0776875156],[185.7014907166,-28.0921005157],[185.7077017166,-28.1065395157],[185.7138397166,-28.1210035157],[185.7199037166,-28.1354915157],[185.7258937166,-28.1500045157],[185.7318297166,-28.1644915157],[185.7376917166,-28.1790025157],[185.7434797166,-28.1935375157],[185.7491937166,-28.2080945158],[185.7548337166,-28.2226755158],[185.7603997166,-28.2372785158],[185.7658907166,-28.2519035158],[185.7713067166,-28.2665515158],[185.7766477166,-28.2812205158],[185.7819147167,-28.2959105158],[185.7871057167,-28.3106225159],[185.7922227167,-28.3253545159],[185.7972637167,-28.3401075159],[185.8022287167,-28.3548805159],[185.8071187167,-28.3696735159],[185.8119327167,-28.3844855159],[185.8166707167,-28.3993175159],[185.8213337167,-28.414168516],[185.8259197167,-28.429037516],[185.8304297167,-28.443925516],[185.8348627167,-28.458830516],[185.8392197167,-28.473754516],[185.8435007167,-28.488694516],[185.8477037167,-28.503652516],[185.8518307167,-28.5186275161],[185.8558807167,-28.5336185161],[185.8598527167,-28.5486255161],[185.8637487167,-28.5636485161],[185.8675667167,-28.5786875161],[185.8713397167,-28.5938135161],[185.8750347167,-28.6089545161],[185.8786507167,-28.6241105162],[185.8821887167,-28.6392815162],[185.8856477167,-28.6544655162],[185.8890277168,-28.6696645162],[185.8923297168,-28.6848765162],[185.8955527168,-28.7001015162],[185.8986957168,-28.7153395162],[185.9017607168,-28.7305905163],[185.9047457168,-28.7458525163],[185.9076517168,-28.7611275163],[185.9104777168,-28.7764145163],[185.9132247168,-28.7917115163],[185.9158917168,-28.8070205163],[185.9184797168,-28.8223395163],[185.9209877168,-28.8376695163],[185.9234147168,-28.8530085164],[185.9257627168,-28.8683575164],[185.9280307168,-28.8837165164],[185.9302187168,-28.8990835164],[185.9323257168,-28.9144595164],[185.9343527168,-28.9298445164],[185.9362997168,-28.9452365164],[185.9381657168,-28.9606375165],[185.9399517168,-28.9760445165],[185.9416567168,-28.9914595165],[185.9432817168,-29.0068805165],[185.9448247168,-29.0223085165],[185.9462877168,-29.0377425165],[185.9476697168,-29.0531825166],[185.9489707168,-29.0686275166],[185.9501907168,-29.0840775166],[185.9513297168,-29.0995315166],[185.9523877168,-29.1149915166],[185.9533637168,-29.1304545166],[185.9542597168,-29.1459215166],[185.9550737168,-29.1613925167],[185.9558057168,-29.1768655167],[185.9564577168,-29.1923425167],[185.9570267168,-29.2078205167],[185.9575157168,-29.2233015167],[185.9579217168,-29.2387845167],[185.9582467168,-29.2542685167],[185.9584907168,-29.2697545168],[185.9586517168,-29.2852405168],[185.9587317168,-29.3007265168],[185.9587297168,-29.3162135168],[185.9586467168,-29.3316995168],[185.9584807168,-29.3471855168],[185.9582337168,-29.3626705168],[185.9579047168,-29.3781545169],[185.9574937168,-29.3936365169],[185.9569997168,-29.4091175169],[185.9564247168,-29.4245955169],[185.9557677168,-29.4400715169],[185.9550287168,-29.4555445169],[185.9542067168,-29.4710135169],[185.9533037168,-29.486479517],[185.9523187168,-29.501941517],[185.9512507168,-29.517399517],[185.9501007168,-29.532853517],[185.9488687168,-29.548302517],[185.9475547168,-29.563745517],[185.9461587168,-29.579183517],[185.9446797168,-29.5946155171],[185.9431197168,-29.6100415171],[185.9414767168,-29.6254605171],[185.9397517168,-29.6408725171],[185.9379447168,-29.6562775171],[185.9360547168,-29.6716755171],[185.9340837168,-29.6870655171],[185.9320297168,-29.7024475172],[185.9298937168,-29.7178205172],[185.9276757168,-29.7331845172],[185.9253757168,-29.7485395172],[185.9229937168,-29.7638845172],[185.9205287168,-29.7792205172],[185.9179817168,-29.7945455172],[185.9153537168,-29.8098605173],[185.9126427168,-29.8251645173],[185.9098497168,-29.8404575173],[185.9069747168,-29.8557385173],[185.9040177168,-29.8710075173],[185.9009787168,-29.8862655173],[185.8978587168,-29.9015095173],[185.8946557168,-29.9167415174],[185.8913707168,-29.9319605174],[185.8880047168,-29.9471655174],[185.8845557167,-29.9623565174],[185.8810257167,-29.9775335174],[185.8774137167,-29.9926965174],[185.8737207167,-30.0078435174],[185.8699457167,-30.0229765175],[185.8660887167,-30.0380935175],[185.8621497167,-30.0531945175],[185.8581297167,-30.0682795175],[185.8540287167,-30.0833475175],[185.8498457167,-30.0983995175],[185.8455817167,-30.1134335175],[185.8412367167,-30.1284505176],[185.8368097167,-30.1434495176],[185.8323017167,-30.1584305176],[185.8277127167,-30.1733925176],[185.8230427167,-30.1883365176],[185.8182917167,-30.2032605176],[185.8134597167,-30.2181655176],[185.8085467167,-30.2330505176],[185.8035527167,-30.2479155177],[185.7984787167,-30.2627605177],[185.7933237167,-30.2775845177],[185.7880877167,-30.2923865177],[185.7827717167,-30.3071685177],[185.7773747166,-30.3219275177],[185.7718977166,-30.3366655177],[185.7663407166,-30.3513805178],[185.7607037166,-30.3660725178],[185.7549867166,-30.3807415178],[185.7491897166,-30.3953875178],[185.7433117166,-30.4100095178],[185.7373547166,-30.4246075178],[185.7313187166,-30.4391805178],[185.7252017166,-30.4537295179],[185.7190067166,-30.4682535179],[185.7127317166,-30.4827525179],[185.7063767166,-30.4972255179],[185.6999437166,-30.5116725179],[185.6934317166,-30.5261445179],[185.6868407166,-30.5405895179],[185.6801707166,-30.5550075179],[185.6734217166,-30.569397518],[185.6665927165,-30.583761518],[185.6596847165,-30.598096518],[185.6526987165,-30.612402518],[185.6456327165,-30.626681518],[185.6384887165,-30.640930518],[185.6312667165,-30.655150518],[185.6239657165,-30.6693405181],[185.6165857165,-30.6835015181],[185.6091287165,-30.6976315181],[185.6015927165,-30.7117305181],[185.5939797165,-30.7257995181],[185.5862887165,-30.7398375181],[185.5785197165,-30.7538435181],[185.5706737165,-30.7678175181],[185.5627497164,-30.7817605182],[185.5547497164,-30.7956695182],[185.5466717164,-30.8095465182],[185.5385167164,-30.8233905182],[185.5302857164,-30.8372015182],[185.5219777164,-30.8509785182],[185.5135927164,-30.8647215182],[185.5051327164,-30.8784295183],[185.4965957164,-30.8921035183],[185.4879827164,-30.9057425183],[185.4792947164,-30.9193465183],[185.4705297164,-30.9329145183],[185.4616907164,-30.9464475183],[185.4527757163,-30.9599435183],[185.4437847163,-30.9734035183],[185.4347197163,-30.9868265184],[185.4255807163,-31.0002115184],[185.4163657163,-31.0135605184],[185.4070767163,-31.0268715184],[185.3977137163,-31.0401445184],[185.3882767163,-31.0533785184],[185.3787657163,-31.0665745184],[185.3691807163,-31.0797315184],[185.3595217163,-31.0928495184],[185.3497907163,-31.1059275185],[185.3399857162,-31.1189665185],[185.3301077162,-31.1319645185],[185.3201567162,-31.1449225185],[185.3101337162,-31.1578405185],[185.3000387162,-31.1707165185],[185.2953487162,-31.1852745185],[185.2905817162,-31.1998145185],[185.2857367162,-31.2143355186],[185.2808137162,-31.2288375186],[185.2758127162,-31.2433195186],[185.2707347162,-31.2577825186],[185.2655787162,-31.2722245186],[185.2603447162,-31.2866465186],[185.2550347162,-31.3010475186],[185.2496467162,-31.3154275187],[185.2441807162,-31.3297865187],[185.2386387161,-31.3441245187],[185.2330187161,-31.3584395187],[185.2273227161,-31.3727335187],[185.2215487161,-31.3870035187],[185.2156987161,-31.4012515187],[185.2097717161,-31.4154765188],[185.2037677161,-31.4296775188],[185.1976877161,-31.4438555188],[185.1915307161,-31.4580095188],[185.1852977161,-31.4721385188],[185.1789887161,-31.4862435188],[185.1726027161,-31.5003235188],[185.1661407161,-31.5143775188],[185.1596037161,-31.5284065189],[185.1529897161,-31.5424095189],[185.1463007161,-31.5563875189],[185.1395367161,-31.5703375189],[185.134471716,-31.5844435189],[185.129332716,-31.5985295189],[185.124118716,-31.6125965189],[185.118831716,-31.6266425189],[185.113470716,-31.640668519],[185.108035716,-31.654673519],[185.102526716,-31.668657519],[185.096943716,-31.682620519],[185.091376716,-31.696373519],[185.085737716,-31.710104519],[185.080027716,-31.723813519],[185.074245716,-31.7375015191],[185.068392716,-31.7511675191],[185.062468716,-31.7648115191],[185.056473716,-31.7784335191],[185.050406716,-31.7920315191],[185.044268716,-31.8056075191],[185.042096716,-31.8209935191],[185.039839716,-31.8363715191],[185.037498716,-31.8517395192],[185.035073716,-31.8670985192],[185.032564716,-31.8824465192],[185.029971716,-31.8977855192],[185.027293716,-31.9131135192],[185.0245317159,-31.9284315192],[185.0216857159,-31.9437375192],[185.0187557159,-31.9590315193],[185.0157417159,-31.9743145193],[185.0126437159,-31.9895855193],[185.0094617159,-32.0048435193],[185.0061957159,-32.0200885193],[185.0028447159,-32.0353205193],[184.9994107159,-32.0505395193],[184.9958927159,-32.0657435194],[184.9922907159,-32.0809345194],[184.9886047159,-32.0961105194],[184.9848357159,-32.1112715194],[184.9809817159,-32.1264175194],[184.9770447159,-32.1415475194],[184.9730237159,-32.1566625194],[184.9689197159,-32.1717605195],[184.9647317159,-32.1868425195],[184.9604597159,-32.2019075195],[184.9561047159,-32.2169555195],[184.9516667159,-32.2319855195],[184.9471447159,-32.2469985195],[184.9425397159,-32.2619925195],[184.9378507159,-32.2769685196],[184.9330797159,-32.2919255196],[184.9282247159,-32.3068635196],[184.9232867159,-32.3217815196],[184.9182657158,-32.3366795196],[184.9131627158,-32.3515585196],[184.9079757158,-32.3664165196],[184.9027067158,-32.3812535196],[184.8973547158,-32.3960685197],[184.8919197158,-32.4108635197],[184.8864027158,-32.4256365197],[184.8808027158,-32.4403865197],[184.8751207158,-32.4551145197],[184.8693567158,-32.4698195197],[184.8635097158,-32.4845015197],[184.8575807158,-32.4991605198],[184.8515707158,-32.5137955198],[184.8454777158,-32.5284065198],[184.8393027158,-32.5429925198],[184.8330467158,-32.5575545198],[184.8267087158,-32.5720915198],[184.8202897158,-32.5866025198],[184.8137887158,-32.6010885199],[184.8072067157,-32.6155475199],[184.8005427157,-32.6299805199],[184.7937987157,-32.6443875199],[184.7869727157,-32.6587665199],[184.7800667157,-32.6731185199],[184.7730787157,-32.6874435199],[184.7660107157,-32.7017405199],[184.7588627157,-32.71600852],[184.7516337157,-32.73024752],[184.7443247157,-32.74445852],[184.7369347157,-32.75864052],[184.7294657157,-32.77279252],[184.7219167157,-32.78691452],[184.7142867157,-32.80100552],[184.7065787157,-32.8150675201],[184.6987897156,-32.8290975201],[184.6909227156,-32.8430975201],[184.6829757156,-32.8570645201],[184.6749497156,-32.8710015201],[184.6668447156,-32.8849055201],[184.6586607156,-32.8987765201],[184.6503977156,-32.9126155201],[184.6420567156,-32.9264215202],[184.6336377156,-32.9401935202],[184.6251397156,-32.9539325202],[184.6165637156,-32.9676375202],[184.6079107156,-32.9813085202],[184.5991797156,-32.9949445202],[184.5903707155,-33.0085455202],[184.5814837155,-33.0221115202],[184.5725207155,-33.0356415203],[184.5634797155,-33.0491365203],[184.5543617155,-33.0625945203],[184.5451677155,-33.0760165203],[184.5358967155,-33.0894015203],[184.5265497155,-33.1027505203],[184.5171257155,-33.1160615203],[184.5076267155,-33.1293345203],[184.4980507155,-33.1425695204],[184.4883997154,-33.1557665204],[184.4786727154,-33.1689255204],[184.4688707154,-33.1820455204],[184.4589937154,-33.1951255204],[184.4490417154,-33.2081665204],[184.4390147154,-33.2211685204],[184.4289137154,-33.2341295204],[184.4187377154,-33.2470505205],[184.4084887154,-33.2599305205],[184.3981647154,-33.2727705205],[184.3877667154,-33.2855685205],[184.3772957153,-33.2983245205],[184.3667517153,-33.3110395205],[184.3561337153,-33.3237125205],[184.3454437153,-33.3363425205],[184.3346807153,-33.3489305206],[184.3238447153,-33.3614755206],[184.3129367153,-33.3739765206],[184.3019567153,-33.3864345206],[184.2909047153,-33.3988485206],[184.2797817153,-33.4112185206],[184.2685867152,-33.4235445206],[184.2573207152,-33.4358255206],[184.2459837152,-33.4480615206],[184.2345767152,-33.4602515207],[184.2230987152,-33.4723975207],[184.2115497152,-33.4844965207],[184.1999317152,-33.4965495207],[184.1882437152,-33.5085565207],[184.1764857152,-33.5205165207],[184.1646827151,-33.5324225207],[184.1528097151,-33.5442815207],[184.1408687151,-33.5560935207],[184.1288587151,-33.5678575208],[184.1167817151,-33.5795735208],[184.1046357151,-33.5912415208],[184.0924227151,-33.6028615208],[184.0801417151,-33.6144325208],[184.0677937151,-33.6259545208],[184.055378715,-33.6374275208],[184.042897715,-33.6488505208],[184.030349715,-33.6602245208],[184.017735715,-33.6715475209],[184.005055715,-33.6828215209],[183.992309715,-33.6940445209],[183.979499715,-33.7052165209],[183.966623715,-33.7163375209],[183.953682715,-33.7274075209],[183.9406777149,-33.7384255209],[183.9276087149,-33.7493915209],[183.9144757149,-33.7603055209],[183.9012787149,-33.7711675209],[183.8880177149,-33.781977521],[183.8746947149,-33.792733521],[183.8613087149,-33.803437521],[183.8478597149,-33.814087521],[183.8343487148,-33.824684521],[183.8207757148,-33.835226521],[183.8071407148,-33.845715521],[183.7934447148,-33.856150521],[183.7796877148,-33.866529521],[183.7658697148,-33.876854521],[183.7519917148,-33.8871245211],[183.7380537147,-33.8973395211],[183.7240547147,-33.9074985211],[183.7099967147,-33.9176025211],[183.6958797147,-33.9276495211],[183.6817037147,-33.9376415211],[183.6674687147,-33.9475755211],[183.6531757147,-33.9574535211],[183.6388247147,-33.9672755211],[183.6244157146,-33.9770395211],[183.6099497146,-33.9867455211],[183.5954267146,-33.9963945212],[183.5808467146,-34.0059855212],[183.5662097146,-34.0155195212],[183.5515177146,-34.0249935212],[183.5367697146,-34.0344105212],[183.5219657145,-34.0437675212],[183.5071067145,-34.0530665212],[183.4921937145,-34.0623055212],[183.4772247145,-34.0714855212],[183.4622027145,-34.0806065212],[183.4471267145,-34.0896675212],[183.4319977145,-34.0986675212],[183.4168147145,-34.1076085213],[183.4015797144,-34.1164885213],[183.3862917144,-34.1253075213],[183.3709517144,-34.1340655213],[183.3555607144,-34.1427635213],[183.3401177144,-34.1513995213],[183.3246237144,-34.1599735213],[183.3090787143,-34.1684865213],[183.2934837143,-34.1769375213],[183.2778387143,-34.1853265213],[183.2621437143,-34.1936525213],[183.2463997143,-34.2019165213],[183.2306077143,-34.2101185214],[183.2147657143,-34.2182565214],[183.1988757142,-34.2263325214],[183.1829387142,-34.2343445214],[183.1669537142,-34.2422935214],[183.1509217142,-34.2501785214],[183.1348427142,-34.2579995214],[183.1187167142,-34.2657575214],[183.1025457142,-34.2734505214],[183.0863287141,-34.2810785214],[183.0700667141,-34.2886435214],[183.0537597141,-34.2961425214],[183.0374077141,-34.3035765214],[183.0210117141,-34.3109465214],[183.0045717141,-34.3182505215],[182.9880887141,-34.3254895215],[182.971562714,-34.3326625215],[182.954994714,-34.3397695215],[182.938383714,-34.3468105215],[182.921730714,-34.3537865215],[182.905035714,-34.3606955215],[182.888300714,-34.3675375215],[182.8715247139,-34.3743135215],[182.8547077139,-34.3810225215],[182.8378517139,-34.3876645215],[182.8209557139,-34.3942395215],[182.8040207139,-34.4007475215],[182.7870467139,-34.4071875215],[182.7700337138,-34.4135605215],[182.7529837138,-34.4198655215],[182.7358957138,-34.4261035216],[182.7187707138,-34.4322725216],[182.7016087138,-34.4383735216],[182.6844107138,-34.4444065216],[182.6671767138,-34.4503705216],[182.6499067137,-34.4562665216],[182.6326017137,-34.4620935216],[182.6152627137,-34.4678515216],[182.5978887137,-34.4735405216],[182.5804807137,-34.4791605216],[182.5630387137,-34.4847115216],[182.5455647136,-34.4901925216],[182.5280567136,-34.4956045216],[182.5105177136,-34.5009465216],[182.4929457136,-34.5062185216],[182.4753427136,-34.5114215216],[182.4577087136,-34.5165535216],[182.4400437135,-34.5216155216],[182.4223487135,-34.5266075216],[182.4046237135,-34.5315285217],[182.3868697135,-34.5363795217],[182.3690867135,-34.5411595217],[182.3512747135,-34.5458695217],[182.3334347134,-34.5505075217],[182.3155667134,-34.5550755217],[182.2976717134,-34.5595725217],[182.2797497134,-34.5639975217],[182.2618017134,-34.5683515217],[182.2438277134,-34.5726335217],[182.2258277133,-34.5768445217],[182.2078027133,-34.5809845217],[182.1897527133,-34.5850515217],[182.1716787133,-34.5890475217],[182.1535807133,-34.5929715217],[182.1354597133,-34.5968235217],[182.1173147132,-34.6006035217],[182.0991477132,-34.6043115217],[182.0809587132,-34.6079465217],[182.0627477132,-34.6115095217],[182.0445157132,-34.6149995217],[182.0262627132,-34.6184175217],[182.0079897131,-34.6217635217],[181.9896957131,-34.6250355217],[181.9713827131,-34.6282355217],[181.9530507131,-34.6313625217],[181.9346997131,-34.6344165217],[181.9163307131,-34.6373975218],[181.897944713,-34.6403055218],[181.879539713,-34.6431405218],[181.861118713,-34.6459025218],[181.842681713,-34.6485905218],[181.824227713,-34.6512055218],[181.8057587129,-34.6537475218],[181.7872747129,-34.6562155218],[181.7687757129,-34.6586095218],[181.7502627129,-34.6609305218],[181.7317357129,-34.6631785218],[181.7131957129,-34.6653515218],[181.6946417128,-34.6674515218],[181.6760767128,-34.6694775218],[181.6574987128,-34.6714305218],[181.6389087128,-34.6733085218],[181.6203087128,-34.6751125218],[181.6016977128,-34.6768435218],[181.5830757127,-34.6784995218],[181.5644447127,-34.6800815218],[181.5458037127,-34.6815895218],[181.5271547127,-34.6830235218],[181.5084967127,-34.6843835218],[181.4898307127,-34.6856695218],[181.4711567126,-34.6868805218],[181.4524767126,-34.6880175218],[181.4337887126,-34.6890805218],[181.4150957126,-34.6900695218],[181.3963957126,-34.6909835218],[181.3776917126,-34.6918235218],[181.3589817125,-34.6925885218],[181.3402687125,-34.6932795218],[181.3215507125,-34.6938955218],[181.3028297125,-34.6944385218],[181.2841047125,-34.6949055218],[181.2653777124,-34.6952985218],[181.2466487124,-34.6956175218],[181.2279177124,-34.6958615218],[181.2091857124,-34.6960315218],[181.1904527124,-34.6961265218],[181.1717197124,-34.6961475218],[181.1529867123,-34.6960935218],[181.1342537123,-34.6959655218],[181.1155227123,-34.6957625218],[181.0967927123,-34.6954855218],[181.0780637123,-34.6951335218],[181.0593377123,-34.6947075218],[181.0406147122,-34.6942065218],[181.0218957122,-34.6936315218],[181.0031787122,-34.6929825218],[180.9844667122,-34.6922585218],[180.9657597122,-34.6914595218],[180.9470577122,-34.6905865218],[180.9283607121,-34.6896395218],[180.9096697121,-34.6886185218],[180.8909857121,-34.6875225218],[180.8723077121,-34.6863525218],[180.8536377121,-34.6851085218],[180.834975712,-34.6837895218],[180.816320712,-34.6823965218],[180.797675712,-34.6809295218],[180.779038712,-34.6793885218],[180.760411712,-34.6777735218],[180.741794712,-34.6760845218],[180.7231887119,-34.6743215218],[180.7045927119,-34.6724845218],[180.6860087119,-34.6705735218],[180.6674357119,-34.6685885218],[180.6488757119,-34.6665295218],[180.6303277119,-34.6643965218],[180.6117937118,-34.6621905218],[180.5932727118,-34.6599105218],[180.5747657118,-34.6575565218],[180.5562727118,-34.6551295218],[180.5377957118,-34.6526285218],[180.5193337118,-34.6500545218],[180.5008867117,-34.6474075218],[180.4824567117,-34.6446865218],[180.4640427117,-34.6418925218],[180.4456467117,-34.6390245218],[180.4272677117,-34.6360845217],[180.4089067116,-34.6330715217],[180.3905647116,-34.6299845217],[180.3722407116,-34.6268255217],[180.3539367116,-34.6235935217],[180.3356517116,-34.6202885217],[180.3173867116,-34.6169105217],[180.2991437115,-34.6134605217],[180.2809207115,-34.6099375217],[180.2627197115,-34.6063425217],[180.2445397115,-34.6026755217],[180.2263827115,-34.5989355217],[180.2423317115,-34.6057015217],[180.2582477115,-34.6125235217],[180.2741287115,-34.6194015217],[180.2899757115,-34.6263355217],[180.3057877116,-34.6333255217],[180.3215647116,-34.6403715218],[180.3373067116,-34.6474735218],[180.3530137116,-34.6546305218],[180.3686837116,-34.6618435218],[180.3843187116,-34.6691115218],[180.3999167116,-34.6764355218],[180.4154777117,-34.6838135218],[180.4310017117,-34.6912465218],[180.4464887117,-34.6987355218],[180.4619387117,-34.7062775218],[180.4773497117,-34.7138755218],[180.4927237117,-34.7215275218],[180.5080587117,-34.7292335218],[180.5233547118,-34.7369935218],[180.5379187118,-34.7436865219],[180.5524507118,-34.7504265219],[180.5669517118,-34.7572145219],[180.5814207118,-34.7640505219],[180.5958577118,-34.7709335219],[180.6102637118,-34.7778635219],[180.6246367118,-34.7848405219],[180.6410207119,-34.7923985219],[180.6573657119,-34.8000165219],[180.6736707119,-34.8076945219],[180.6899357119,-34.8154325219],[180.7061597119,-34.8232305219],[180.7223427119,-34.8310875219],[180.738485712,-34.8390055219],[180.754585712,-34.8469815219],[180.770644712,-34.855017522],[180.786660712,-34.863113522],[180.802634712,-34.871267522],[180.818565712,-34.879480522],[180.834453712,-34.887751522],[180.8502977121,-34.896081522],[180.8660987121,-34.904469522],[180.8818547121,-34.912916522],[180.8975667121,-34.921420522],[180.9132337121,-34.929983522],[180.9288557121,-34.938603522],[180.9444327121,-34.947280522],[180.9599637122,-34.956015522],[180.9754487122,-34.9648075221],[180.9908877122,-34.9736565221],[181.0062797122,-34.9825625221],[181.0216257122,-34.9915255221],[181.0369227122,-35.0005435221],[181.0521737122,-35.0096195221],[181.0673757123,-35.0187505221],[181.0825297123,-35.0279375221],[181.0976357123,-35.0371805221],[181.1126927123,-35.0464795221],[181.1277007123,-35.0558335221],[181.1426587123,-35.0652425221],[181.1575677123,-35.0747075222],[181.1724257124,-35.0842265222],[181.1872347124,-35.0937995222],[181.2019917124,-35.1034285222],[181.2166987124,-35.1131105222],[181.2313537124,-35.1228475222],[181.2459577124,-35.1326375222],[181.2605097124,-35.1424825222],[181.2750097125,-35.1523795222],[181.2894567125,-35.1623315222],[181.3038507125,-35.1723355222],[181.3181927125,-35.1823925223],[181.3324807125,-35.1925025223],[181.3467147125,-35.2026645223],[181.3608957125,-35.2128795223],[181.3750217125,-35.2231465223],[181.3890937126,-35.2334655223],[181.4031097126,-35.2438365223],[181.4170717126,-35.2542585223],[181.4309777126,-35.2647315223],[181.4448287126,-35.2752565223],[181.4586227126,-35.2858325224],[181.4723607126,-35.2964585224],[181.4860427127,-35.3071355224],[181.4996677127,-35.3178625224],[181.5132347127,-35.3286395224],[181.5267447127,-35.3394665224],[181.5401967127,-35.3503435224],[181.5535917127,-35.3612695224],[181.5669267127,-35.3722445224],[181.5802047127,-35.3832685224],[181.5934227128,-35.3943415225],[181.6065817128,-35.4054635225],[181.6196817128,-35.4166335225],[181.6327217128,-35.4278515225],[181.6457017128,-35.4391185225],[181.6586217128,-35.4504315225],[181.6714807128,-35.4617935225],[181.6842787128,-35.4732015225],[181.6970157128,-35.4846575225],[181.7096917129,-35.4961595226],[181.7223057129,-35.5077085226],[181.7348577129,-35.5193035226],[181.7473477129,-35.5309445226],[181.7597747129,-35.5426325226],[181.7721397129,-35.5543645226],[181.7844407129,-35.5661435226],[181.7966787129,-35.5779665226],[181.808853713,-35.5898345226],[181.820964713,-35.6017485226],[181.833010713,-35.6137055227],[181.844993713,-35.6257075227],[181.856910713,-35.6377535227],[181.868763713,-35.6498425227],[181.880550713,-35.6619755227],[181.892273713,-35.6741515227],[181.903929713,-35.6863715227],[181.9155197131,-35.6986335227],[181.9270437131,-35.7109385228],[181.9385017131,-35.7232855228],[181.9498927131,-35.7356745228],[181.9612167131,-35.7481045228],[181.9724737131,-35.7605775228],[181.9836627131,-35.7730905228],[181.9947837131,-35.7856455228],[182.0058377131,-35.7982415228],[182.0168227131,-35.8108775228],[182.0277397132,-35.8235535229],[182.0385877132,-35.8362705229],[182.0493667132,-35.8490265229],[182.0600757132,-35.8618225229],[182.0707157132,-35.8746575229],[182.0812867132,-35.8875315229],[182.0917867132,-35.9004445229],[182.1022167132,-35.9133955229],[182.1125767132,-35.926385523],[182.1228657132,-35.939412523],[182.1330837133,-35.952478523],[182.1432307133,-35.965581523],[182.1533057133,-35.978721523],[182.1633097133,-35.991898523],[182.1732417133,-36.005111523],[182.1831007133,-36.018361523],[182.1928877133,-36.031647523],[182.2026027133,-36.0449695231],[182.2122447133,-36.0583275231],[182.2218137133,-36.0717205231],[182.2313087133,-36.0851485231],[182.2407307134,-36.0986115231],[182.2500787134,-36.1121085231],[182.2593537134,-36.1256405231],[182.2685537134,-36.1392055231],[182.2776787134,-36.1528055232],[182.2867297134,-36.1664375232],[182.2957057134,-36.1801035232],[182.3046067134,-36.1938025232],[182.3134327134,-36.2075335232],[182.3221827134,-36.2212975232],[182.3308577134,-36.2350935232],[182.3394557134,-36.2489205233],[182.3479777135,-36.2627795233],[182.3564237135,-36.2766695233],[182.3647937135,-36.2905905233],[182.3730857135,-36.3045425233],[182.3813017135,-36.3185245233],[182.3894397135,-36.3325365233],[182.3975007135,-36.3465785233],[182.4054847135,-36.3606505234],[182.4133897135,-36.3747505234],[182.4212177135,-36.3888805234],[182.4289667135,-36.4030385234],[182.4366377135,-36.4172245234],[182.4442297135,-36.4314395234],[182.4517427136,-36.4456815234],[182.4591777136,-36.4599515234],[182.4665327136,-36.4742485235],[182.4738087136,-36.4885725235],[182.4810047136,-36.5029225235],[182.4881207136,-36.5172995235],[182.4951577136,-36.5317025235],[182.5021137136,-36.5461305235],[182.5089897136,-36.5605845235],[182.5157847136,-36.5750635236],[182.5224997136,-36.5895675236],[182.5291327136,-36.6040955236],[182.5356857136,-36.6186485236],[182.5421577136,-36.6332255236],[182.5485477136,-36.6478255236],[182.5548557136,-36.6624485236],[182.5610817137,-36.6770955237],[182.5672267137,-36.6917645237],[182.5732897137,-36.7064565237],[182.5792697137,-36.7211705237],[182.5851667137,-36.7359055237],[182.5909817137,-36.7506625237],[182.5967147137,-36.7654415237],[182.6023637137,-36.7802405237],[182.6079297137,-36.7950605238],[182.6134127137,-36.8099005238],[182.6188117137,-36.8247605238],[182.6241277137,-36.8396405238],[182.6293597137,-36.8545395238],[182.6345077137,-36.8694575238],[182.6395717137,-36.8843945238],[182.6445507137,-36.8993495239],[182.6494467137,-36.9143235239],[182.6542567137,-36.9293145239],[182.6589827137,-36.9443235239],[182.6636247137,-36.9593495239],[182.6681807138,-36.9743925239],[182.6726517138,-36.9894525239],[182.6770377138,-37.004527524],[182.6813377138,-37.019619524],[182.6855527138,-37.034726524],[182.6896817138,-37.049849524],[182.6937247138,-37.064987524],[182.6976827138,-37.080139524],[182.7015537138,-37.095306524],[182.7053387138,-37.1104865241],[182.7090367138,-37.1256815241],[182.7126497138,-37.1408895241],[182.7161747138,-37.1561105241],[182.7196137138,-37.1713435241],[182.7229657138,-37.1865905241],[182.7262307138,-37.2018485241],[182.7294077138,-37.2171185242],[182.7324987138,-37.2324005242],[182.7355017138,-37.2476925242],[182.7384177138,-37.2629965242],[182.7412457138,-37.2783105242],[182.7439857138,-37.2936345242],[182.7466387138,-37.3089695242],[182.7492037138,-37.3243135243],[182.7516807138,-37.3396665243],[182.7540687138,-37.3550275243],[182.7563697138,-37.3703985243],[182.7585817138,-37.3857775243],[182.7607047138,-37.4011635243],[182.7627397138,-37.4165585243],[182.7646867138,-37.4319595244],[182.7665447138,-37.4473685244],[182.7683137138,-37.4627835244],[182.7699937138,-37.4782055244],[182.7715847138,-37.4936325244],[182.7730867139,-37.5090655244],[182.7744987139,-37.5245045244],[182.7758227139,-37.5399475245],[182.7770567139,-37.5553955245],[182.7782017139,-37.5708485245],[182.7792567139,-37.5863045245],[182.7802227139,-37.6017645245],[182.7810987139,-37.6172285245],[182.7818847139,-37.6326945245],[182.7825817139,-37.6481635246],[182.7831877139,-37.6636355246],[182.7837047139,-37.6791085246],[182.7841307139,-37.6945835246],[182.7844677139,-37.7100605246],[182.7847147139,-37.7255385246],[182.7848707139,-37.7410165246],[182.7849367139,-37.7564955247],[182.7849117139,-37.7719735247],[182.7847977139,-37.7874525247],[182.7845927139,-37.8029305247],[182.7842967139,-37.8184065247],[182.7839107139,-37.8338825247],[182.7834337139,-37.8493565247],[182.7828667139,-37.8648285248],[182.7822087139,-37.8802985248],[182.7814597139,-37.8957655248],[182.7806207139,-37.9112295248],[182.7796897139,-37.9266895248],[182.7786687139,-37.9421475248],[182.7775567139,-37.9576005248],[182.7763537139,-37.9730495249],[182.7750607139,-37.9884935249],[182.7736757139,-38.0039325249],[182.7721997138,-38.0193665249],[182.7706337138,-38.0347955249],[182.7689757138,-38.0502175249],[182.7672267138,-38.0656335249],[182.7653867138,-38.081042525],[182.7634557138,-38.096445525],[182.7614337138,-38.111840525],[182.7593207138,-38.127228525],[182.7571157138,-38.142607525],[182.7548207138,-38.157978525],[182.7524337138,-38.173341525],[182.7499557138,-38.1886945251],[182.7473867138,-38.2040395251],[182.7447267138,-38.2193735251],[182.7419757138,-38.2346985251],[182.7391337138,-38.2500125251],[182.7361997138,-38.2653165251],[182.7331747138,-38.2806085251],[182.7300587138,-38.2958905252],[182.7268517138,-38.3111595252],[182.7235537138,-38.3264175252],[182.7201647138,-38.3416625252],[182.7166847138,-38.3568955252],[182.7131127138,-38.3721145252],[182.7094507138,-38.3873215252],[182.7056967138,-38.4025135253],[182.7018527138,-38.4176925253],[182.6979167138,-38.4328565253],[182.6938907138,-38.4480055253],[182.6897737138,-38.4631405253],[182.6855657138,-38.4782595253],[182.6812667138,-38.4933635253],[182.6768767138,-38.5084505254],[182.6723957138,-38.5235215254],[182.6678247138,-38.5385765254],[182.6631627137,-38.5536135254],[182.6584107137,-38.5686335254],[182.6535667137,-38.5836355254],[182.6486337137,-38.5986205254],[182.6436097137,-38.6135865255],[182.6384947137,-38.6285335255],[182.6332897137,-38.6434615255],[182.6279947137,-38.6583705255],[182.6226087137,-38.6732595255],[182.6171327137,-38.6881295255],[182.6115677137,-38.7029785255],[182.6059117137,-38.7178065256],[182.6001657137,-38.7326135256],[182.5943297137,-38.7473995256],[182.5884037137,-38.7621635256],[182.5823887137,-38.7769055256],[182.5799617137,-38.7920975256],[182.5774447137,-38.8072805256],[182.5748367137,-38.8224545256],[182.5721397137,-38.8376185257],[182.5693527137,-38.8527725257],[182.5664747137,-38.8679155257],[182.5642407137,-38.8830165257],[182.5619177137,-38.8981085257],[182.5595057137,-38.9131925257],[182.5570047136,-38.9282675257],[182.5544147136,-38.9433335258],[182.5517367136,-38.9583905258],[182.5489687136,-38.9734365258],[182.5461127136,-38.9884735258],[182.5431677136,-39.0034995258],[182.5401337136,-39.0185155258],[182.5370107136,-39.0335195258],[182.5337987136,-39.0485125259],[182.5304977136,-39.0634935259],[182.5271087136,-39.0784635259],[182.5236307136,-39.0934205259],[182.5200637136,-39.1083645259],[182.5164077136,-39.1232965259],[182.5126627136,-39.1382145259],[182.5088297136,-39.153118526],[182.5049077136,-39.168009526],[182.5008967136,-39.182886526],[182.4967977136,-39.197747526],[182.4926097136,-39.212595526],[182.4883327136,-39.227426526],[182.4839677136,-39.242243526],[182.4795137136,-39.2570435261],[182.4749717136,-39.2718285261],[182.4703407136,-39.2865965261],[182.4656217136,-39.3013475261],[182.4608147136,-39.3160815261],[182.4559187136,-39.3307985261],[182.4509357136,-39.3454975261],[182.4458627135,-39.3601785261],[182.4407027135,-39.3748415262],[182.4354547135,-39.3894855262],[182.4301177135,-39.4041105262],[182.4246937135,-39.4187165262],[182.4191817135,-39.4333025262],[182.4135817135,-39.4478685262],[182.4078937135,-39.4624145262],[182.4021177135,-39.4769405263],[182.3962547135,-39.4914455263],[182.3910587135,-39.5059095263],[182.3857777135,-39.5203555263],[182.3804107135,-39.5347825263],[182.3749567135,-39.5491905263],[182.3694177135,-39.5635795263],[182.3637927135,-39.5779485264],[182.3580827135,-39.5922975264],[182.3522857135,-39.6066255264],[182.3464037135,-39.6209335264],[182.3404367134,-39.6352205264],[182.3343837134,-39.6494865264],[182.3282447134,-39.6637305264],[182.3220207134,-39.6779525264],[182.3157117134,-39.6921525265],[182.3093177134,-39.7063305265],[182.3028387134,-39.7204855265],[182.2962747134,-39.7346175265],[182.2896247134,-39.7487265265],[182.2828917134,-39.7628115265],[182.2760727134,-39.7768725265],[182.2691687134,-39.7909095266],[182.2621817134,-39.8049215266],[182.2551087134,-39.8189085266],[182.2479527134,-39.8328715266],[182.2407117134,-39.8468075266],[182.2333867133,-39.8607195266],[182.2259767133,-39.8746045266],[182.2184837133,-39.8884635266],[182.2109067133,-39.9022955267],[182.2032467133,-39.9161005267],[182.1955027133,-39.9298785267]],[[172.7841097859,-49.1248598282],[172.7708433543,-49.1320688497],[172.7575360515,-49.1392467032],[172.7441881824,-49.1463934142],[172.7281876765,-49.1549245607],[172.7121290437,-49.163410629],[172.6960125749,-49.1718516466],[172.6798387819,-49.1802474689],[172.6618013776,-49.1900572775],[172.6436882233,-49.1998095783],[172.6254995846,-49.2095042072],[172.6072358639,-49.2191409221],[172.5888974674,-49.2287194846],[172.5704848033,-49.2382396584],[172.5519982837,-49.2477012072],[172.5334383247,-49.2571038986],[172.5148053384,-49.2664474944],[172.4960997466,-49.2757317659],[172.4773219712,-49.2849564807],[172.458472436,-49.2941214104],[172.4395515668,-49.3032263264],[172.4205597934,-49.3122710042],[172.4014975473,-49.3212552171],[172.3823652641,-49.3301787405],[172.3631633812,-49.3390413518],[172.3438923343,-49.3478428304],[172.3245525687,-49.3565829554],[172.3051445257,-49.365261512],[172.2856686546,-49.3738782796],[172.2661254046,-49.3824330433],[172.2465152268,-49.3909255902],[172.2268385725,-49.3993557074],[172.2070959026,-49.4077231839],[172.1872876721,-49.416027807],[172.1674143478,-49.4242693734],[172.1474763869,-49.4324476703],[172.127474258,-49.4405624984],[172.1074084298,-49.4486136508],[172.0872793712,-49.4566009242],[172.0670875606,-49.4645241195],[172.0468334669,-49.4723830356],[172.0265175704,-49.480177477],[172.0061403516,-49.4879072465],[171.9857022891,-49.4955721469],[171.965203873,-49.5031719887],[171.9446455879,-49.5107065766],[171.9240279199,-49.5181757212],[171.9033513613,-49.5255792368],[171.8826164081,-49.5329169321],[171.8618235526,-49.5401886235],[171.8409732948,-49.5473941294],[171.8200661327,-49.5545332622],[171.8054135936,-49.5594767192],[171.8259603729,-49.5666768696],[171.8468358886,-49.5740676489],[171.8676648222,-49.5815175337],[171.8884467851,-49.5890263853],[171.9091813828,-49.5965940747],[171.9298682285,-49.6042204595],[171.9505069297,-49.6119054087],[171.9710970957,-49.6196487798],[171.991638336,-49.6274504341],[172.0121302657,-49.635310233],[172.0325724903,-49.6432280338],[172.0529646251,-49.6512036939],[172.0733062813,-49.6592370689],[172.0935970685,-49.6673280143],[172.1138366017,-49.6754763854],[172.1340244923,-49.6836820338],[172.1541603556,-49.6919448112],[172.1742438029,-49.700264569],[172.1942744494,-49.7086411569],[172.2142519084,-49.7170744206],[172.2341757952,-49.7255642135],[172.2540457268,-49.7341103757],[172.2738613167,-49.7427127565],[172.2936221819,-49.7513711999],[172.3133279359,-49.7600855456],[172.3329781996,-49.7688556394],[172.3525725882,-49.7776813191],[172.3721107211,-49.7865624284],[172.3915922133,-49.7954988034],[172.4110166879,-49.804490282],[172.4303837582,-49.8135367019],[172.4496930473,-49.8226378953],[172.4689441743,-49.8317937019],[172.4881367603,-49.8410039519],[172.5072704243,-49.8502684754],[172.5263447896,-49.8595871082],[172.5453594771,-49.8689596805],[172.564314108,-49.8783860164],[172.5832083072,-49.8878659481],[172.6020416959,-49.8973993035],[172.6208138971,-49.9069859051],[172.6395245358,-49.9166255789],[172.6581732389,-49.9263181493],[172.6767596276,-49.9360634383],[172.6952833308,-49.9458612684],[172.7137439734,-49.9557114598],[172.7321411804,-49.9656138309],[172.7504745828,-49.9755682021],[172.7687438035,-49.9855743915],[172.7869484754,-49.9956322138],[172.8050882234,-50.0057414833],[172.8231626805,-50.0159020165],[172.8411714735,-50.0261136259],[172.8591142333,-50.036376122],[172.8769905926,-50.0466893213],[172.8948001806,-50.0570530283],[172.9125426317,-50.0674670557],[172.9302175751,-50.077931208],[172.9478246474,-50.0884452959],[172.9653634814,-50.099009124],[172.9828337138,-50.1096224971],[173.0002349736,-50.1202852198],[173.0175669014,-50.1309970928],[173.0348291319,-50.141757921],[173.0520213037,-50.152567505],[173.0691430499,-50.1634256417],[173.0861940128,-50.1743321339],[173.1031738292,-50.1852867765],[173.1200821378,-50.1962893683],[173.1369185792,-50.2073397023],[173.153682796,-50.2184375773],[173.1703744269,-50.2295827843],[173.1869931144,-50.2407751183],[173.2035385012,-50.2520143683],[173.2200102316,-50.2633003254],[173.2364079465,-50.2746327824],[173.2527312942,-50.2860115246],[173.2689799172,-50.297436343],[173.2851534622,-50.3089070227],[173.3012515774,-50.3204233489],[173.3172739095,-50.3319851067],[173.3332201048,-50.3435920793],[173.3490898138,-50.355244054],[173.3648826849,-50.3669408059],[173.3805983705,-50.3786821204],[173.3962365189,-50.3904677767],[173.4117967826,-50.4022975521],[173.4272788158,-50.4141712279],[173.4426822709,-50.4260885775],[173.4580068002,-50.4380493783],[173.47325206,-50.4500534076],[173.4884177065,-50.4621004349],[173.503503396,-50.4741902377],[173.5185087827,-50.4863225834],[173.5334335288,-50.4984972494],[173.5482772886,-50.5107139994],[173.5630397241,-50.5229726088],[173.5777204976,-50.5352728412],[173.5923192671,-50.5476144663],[173.6068356968,-50.5599972514],[173.6212694469,-50.5724209585],[173.6356201832,-50.5848853569],[173.6498875719,-50.5973902065],[173.6640712731,-50.609935271],[173.6781709586,-50.622520312],[173.6921862926,-50.6351450913],[173.706116943,-50.6478093687],[173.7199625798,-50.6605129039],[173.7337228727,-50.6732554527],[173.7473974938,-50.6860367711],[173.760986111,-50.6988566207],[173.7744891267,-50.7117142672],[173.7680792556,-50.6970286285],[173.7617790583,-50.6823239859],[173.7555886482,-50.6676008316],[173.7495080544,-50.6528594898],[173.7435373102,-50.6381002847],[173.7376764391,-50.6233235445],[173.7319254684,-50.6085295894],[173.7262844216,-50.5937187495],[173.7207533141,-50.5788913471],[173.7153321657,-50.5640477085],[173.7100209919,-50.5491881577],[173.7048198004,-50.5343130229],[173.6997286051,-50.5194226244],[173.6947474118,-50.5045172924],[173.6898762204,-50.489597351],[173.6851150387,-50.4746631244],[173.680463861,-50.4597149388],[173.6759226852,-50.4447531205],[173.6714915074,-50.4297779915],[173.667170316,-50.4147898802],[173.6629591031,-50.3997891126],[173.6588578531,-50.384776011],[173.6548665524,-50.3697509036],[173.6509851793,-50.3547141145],[173.6472137164,-50.3396659661],[173.6435521383,-50.3246067864],[173.6400004195,-50.3095369016],[173.6365585328,-50.294456632],[173.6332264469,-50.2793663078],[173.6300041285,-50.2642662492],[173.6268915445,-50.2491567824],[173.6238886558,-50.2340382316],[173.6209954195,-50.218910923],[173.6182117984,-50.2037751788],[173.6155377457,-50.1886313233],[173.6129732125,-50.1734796808],[173.6105181519,-50.1583205753],[173.6081725093,-50.1431543311],[173.6059362339,-50.1279812706],[173.6038092671,-50.1128017178],[173.6017915504,-50.0976159951],[173.5998830347,-50.0824242451],[173.5978154293,-50.0671252959],[173.5958585914,-50.051820124],[173.594012482,-50.0365092412],[173.5922770328,-50.0211929775],[173.5906521773,-50.0058716611],[173.5891378433,-49.9905456239],[173.5877339605,-49.9752151942],[173.5864404488,-49.959880702],[173.5852572359,-49.9445424755],[173.5841842378,-49.9292008426],[173.5832213746,-49.9138561336],[173.5823685621,-49.8985086766],[173.5816257124,-49.8831587996],[173.5809927378,-49.8678068309],[173.5804695464,-49.8524530965],[173.5800560445,-49.8370979226],[173.5797521382,-49.8217416394],[173.57955773,-49.806384573],[173.5794727183,-49.7910270495],[173.5794970035,-49.7756693933],[173.5796304781,-49.7603119304],[173.5798730386,-49.7449549909],[173.5802245757,-49.7295988932],[173.5806849781,-49.7142439655],[173.5812541363,-49.6988905338],[173.5819319312,-49.6835389205],[173.5827182496,-49.6681894498],[173.5836129722,-49.6528424459],[173.5846159761,-49.6374982291],[173.5857271382,-49.6221571256],[173.5869463355,-49.6068194556],[173.588273441,-49.5914855415],[173.5897083238,-49.5761557075],[173.5912508531,-49.560830272],[173.592900896,-49.5455095571],[173.5946583199,-49.5301938833],[173.5965229839,-49.5148835708],[173.5984947515,-49.4995789379],[173.6005734781,-49.4842803051],[173.6027590269,-49.4689879926],[173.6050512476,-49.4537023168],[173.6074499957,-49.4384235941],[173.6099551226,-49.4231521488],[173.6125664761,-49.4078882914],[173.6152839039,-49.3926323402],[173.6181072535,-49.3773846136],[173.6210363668,-49.3621454241],[173.6240710875,-49.3469150901],[173.6272112535,-49.3316939261],[173.6304567027,-49.3164822464],[173.633807273,-49.3012803616],[173.6372627984,-49.2860885901],[173.6408231109,-49.2709072405],[173.6444880426,-49.2557366291],[173.6482574215,-49.2405770666],[173.6521310738,-49.2254288615],[173.6561088277,-49.2102923302],[173.6601905035,-49.1951677775],[173.6643759274,-49.1800555177],[173.6686649176,-49.1649558575],[173.6730572907,-49.1498691075],[173.6775528668,-49.1347955743],[173.6821514567,-49.1197355684],[173.6868528786,-49.1046893946],[173.6916569411,-49.0896573594],[173.6965634567,-49.0746397715],[173.7015722301,-49.0596369336],[173.7066830719,-49.0446491524],[173.7118957829,-49.0296767324],[173.7172101696,-49.0147199765],[173.7226260348,-48.9997791894],[173.7281431735,-48.9848546718],[173.7337613884,-48.9699467265],[173.7394804763,-48.9550556562],[173.7453002302,-48.9401817616],[173.751220447,-48.9253253417],[173.7572409157,-48.9104866972],[173.7633614275,-48.8956661288],[173.7695817732,-48.8808639315],[173.77590174,-48.8660804061],[173.7823211111,-48.8513158475],[173.7888396736,-48.8365705545],[173.7954572107,-48.8218448201],[173.8021734998,-48.8071389451],[173.8089883259,-48.7924532185],[173.8159014646,-48.7777879373],[173.8229126931,-48.7631433943],[173.8300217888,-48.7485198825],[173.8372285213,-48.7339176931],[173.8445326678,-48.7193371189],[173.8519339978,-48.7047784489],[173.8594322791,-48.6902419743],[173.867027283,-48.675727984],[173.8747187752,-48.6612367672],[173.8825065194,-48.6467686129],[173.8903902811,-48.6323238063],[173.8983698241,-48.6179026363],[173.9064449081,-48.6035053863],[173.9146152928,-48.5891323453],[173.9228807381,-48.5747837925],[173.9312409999,-48.5604600171],[173.9396958358,-48.5461612984],[173.9482449979,-48.5318879214],[173.9568882401,-48.5176401655],[173.9656253144,-48.503418314],[173.9744559726,-48.489222644],[173.9833799628,-48.4750534389],[173.9923970331,-48.4609109741],[174.0015069316,-48.4467955307],[174.0107094023,-48.4327073823],[174.0200041894,-48.418646808],[174.0293910351,-48.4046140834],[174.0388696836,-48.3906094838],[174.0484398711,-48.3766332806],[174.0581013418,-48.3626857494],[174.0678538301,-48.3487671654],[174.0776970742,-48.3348777962],[174.0876308106,-48.3210179154],[174.0976547715,-48.3071877923],[174.1077685762,-48.2933874778],[174.1071806309,-48.2903548001],[174.0980477188,-48.2964217376],[174.0817189453,-48.3071634153],[174.0653096309,-48.3178526458],[174.0488201152,-48.3284891693],[174.0322507461,-48.3390727298],[174.015601871,-48.3496030677],[173.9988738437,-48.360079933],[173.9820670175,-48.3705030677],[173.965181748,-48.3808722221],[173.9482183944,-48.3911871478],[173.9311773221,-48.4014475873],[173.9140588924,-48.4116532983],[173.8968634745,-48.4218040307],[173.8795914373,-48.4318995346],[173.8622431541,-48.4419395698],[173.8448189998,-48.4519238881],[173.8273193494,-48.4618522495],[173.8097445877,-48.4717244096],[173.7920950935,-48.4815401284],[173.7743712517,-48.4912991675],[173.7565734548,-48.5010012886],[173.7387020876,-48.5106462515],[173.7207575446,-48.5202338257],[173.7027402223,-48.529763773],[173.6846505192,-48.5392358609],[173.6664888336,-48.5486498589],[173.6482555699,-48.5580055347],[173.629951234,-48.5673025679],[173.6158220582,-48.57927798],[173.6016041734,-48.5912086148],[173.5872977105,-48.6030943043],[173.5729029449,-48.614934773],[173.558420148,-48.6267297418],[173.5438495972,-48.6384789293],[173.5291915757,-48.6501820641],[173.5144463628,-48.6618388707],[173.4996142456,-48.67344907],[173.4846955112,-48.6850123923],[173.4696904526,-48.6965285622],[173.4545993608,-48.7079973083],[173.4394225326,-48.719418361],[173.424160267,-48.7307914489],[173.4088128666,-48.7421163025],[173.3933806361,-48.753392654],[173.3778638802,-48.764620238],[173.3622629095,-48.7757987849],[173.3465780384,-48.786928033],[173.3308095794,-48.7980077127],[173.3149578528,-48.8090375662],[173.2990231751,-48.8200173279],[173.2830058723,-48.8309467361],[173.2669062707,-48.841825533],[173.2507246985,-48.8526534588],[173.2344614856,-48.8634302538],[173.2181169641,-48.8741556581],[173.2016914758,-48.8848294217],[173.1851853547,-48.895451285],[173.1685989425,-48.9060209979],[173.151932587,-48.9165383007],[173.1351866359,-48.9270029472],[173.1183614327,-48.9374146855],[173.1014573331,-48.9477732636],[173.0844746944,-48.9580784355],[173.0674138702,-48.9683299511],[173.0502752237,-48.9785275664],[173.0330591123,-48.9886710332],[173.0157659072,-48.9987601113],[172.9983959736,-49.0087945566],[172.9809496806,-49.018774123],[172.9634274033,-49.0286985742],[172.9458295165,-49.0385676719],[172.9281563974,-49.0483811738],[172.9104084267,-49.0581388438],[172.8925859872,-49.0678404473],[172.8746894676,-49.0774857481],[172.8567192528,-49.0870745137],[172.8386757332,-49.0966065118],[172.8205593035,-49.1060815118],[172.8023703582,-49.1154992813],[172.7841097859,-49.1248598282]],[[178.2723236973,-44.179234056],[178.2572740215,-44.1874234037],[178.2421741308,-44.1955665521],[178.2270241679,-44.2036634154],[178.2118243945,-44.2117138393],[178.196575082,-44.2197176713],[178.1812764941,-44.2276747612],[178.1659289003,-44.2355849565],[178.1505326933,-44.2434480522],[178.1336655858,-44.2528002827],[178.1167337421,-44.2620941967],[178.0997374217,-44.2713296421],[178.082676994,-44.280506396],[178.0655528416,-44.2896242358],[178.0483653436,-44.2986829448],[178.0311148826,-44.3076823022],[178.0138018455,-44.3166220933],[177.9964266189,-44.3255021011],[177.9789895915,-44.3343221148],[177.9614911521,-44.3430819156],[177.9439316989,-44.3517812964],[177.9263116227,-44.3604200464],[177.9086313239,-44.3689979566],[177.8908912008,-44.3775148179],[177.8730916539,-44.3859704273],[177.8552330856,-44.3943645777],[177.8373159039,-44.402697066],[177.8193405133,-44.410967693],[177.8013073257,-44.4191762555],[177.7832167515,-44.4273225543],[177.7650692027,-44.4354063922],[177.7468650952,-44.4434275758],[177.7286048452,-44.4513859078],[177.7102888725,-44.459281195],[177.6919175971,-44.4671132438],[177.6734914409,-44.4748818688],[177.6550107553,-44.4825866032],[177.6509907709,-44.4977058473],[177.6468713471,-44.5128112927],[177.6426524545,-44.5279027888],[177.6383341049,-44.5429799997],[177.6346228119,-44.5556340447],[177.6387968471,-44.5547559529],[177.6594683002,-44.5504770173],[177.6801641303,-44.5462625368],[177.7008839643,-44.5421125837],[177.7216274253,-44.538027236],[177.7423941382,-44.5340065681],[177.7631837261,-44.5300506501],[177.783995816,-44.5261595564],[177.8048300269,-44.5223333532],[177.8256859879,-44.518572113],[177.846563318,-44.514875902],[177.8674616403,-44.5112447868],[177.8883805836,-44.5076788337],[177.9093197653,-44.5041781052],[177.9302788083,-44.5007426677],[177.9512573396,-44.4973725798],[177.9722549763,-44.494067904],[177.9932713455,-44.4908286989],[178.0143060662,-44.4876550231],[178.0353587596,-44.4845469352],[178.0564290506,-44.481504488],[178.0775165604,-44.4785277399],[178.0986209061,-44.4756167419],[178.1197417167,-44.4727715446],[178.1408786054,-44.4699922047],[178.1620311991,-44.4672787692],[178.1831991171,-44.4646312868],[178.2043819804,-44.4620498043],[178.2255794082,-44.4595343688],[178.2467910215,-44.457085027],[178.2680164434,-44.4547018219],[178.289255291,-44.4523847965],[178.3105071875,-44.4501339918],[178.3317717501,-44.4479494489],[178.3530486017,-44.4458312067],[178.3743373614,-44.4437793024],[178.3956376486,-44.441793777],[178.4169490822,-44.4398746598],[178.4382712834,-44.4380219899],[178.4596039338,-44.4362359957],[178.4567932834,-44.420876318],[178.4540835685,-44.4055071637],[178.4514748029,-44.3901290582],[178.4489669631,-44.3747423394],[178.4465600236,-44.3593473433],[178.4442539611,-44.3439444077],[178.4420487443,-44.3285338726],[178.439944342,-44.3131160737],[178.4379407209,-44.2976913491],[178.4360378439,-44.2822600405],[178.4342356779,-44.2668224799],[178.4325341779,-44.2513790053],[178.4309333048,-44.2359299584],[178.4294330138,-44.2204756713],[178.428033258,-44.2050164857],[178.4267339865,-44.1895527338],[178.4255351525,-44.1740847533],[178.4244367033,-44.1586128822],[178.4234385802,-44.1431374564],[178.4225407287,-44.1276588138],[178.421743088,-44.1121772845],[178.4214553166,-44.1060421458],[178.405100254,-44.1143900267],[178.3886907345,-44.1226844154],[178.3722269649,-44.1309251927],[178.3557092755,-44.1391121829],[178.3391379981,-44.1472452083],[178.322513463,-44.1553240951],[178.305836004,-44.1633486712],[178.2891059571,-44.1713187631],[178.2723236973,-44.179234056]]]}}
